a bird in the hand	baiango-idiom	已到手的东西		idiom	
a blessing in disguise	baiango-idiom	因祸得福;塞翁失马		idiom	
a cut above	baiango-idiom	高于...一等, 胜于		idiom	
a different kettle of fish	baiango-idiom	两码事,另一回事		idiom	
a dime a dozen	baiango-idiom	多得很,不值钱		idiom	
a drop in the ocean	baiango-idiom	沧海一粟,九牛一毛,微不足道		idiom	
a feather in one's cap	baiango-idiom	可夸耀的事, 卓越的成就		idiom	
a hot potato	baiango-idiom	棘手的问题		idiom	
a leap in the dark	baiango-idiom	冒险的行动		idiom	
a little bird told me	baiango-idiom	有人私下告诉我,我听说		idiom	
a piece of cake	baiango-idiom	轻松的事		idiom	
a shot in the dark	baiango-idiom	放黑枪;胡乱的猜测,瞎猜		idiom	
a slap on the wrist	baiango-idiom	轻微的处罚		idiom	
a snake in the grass	baiango-idiom	潜伏的危险		idiom	
a storm in a teacup	baiango-idiom	小题大作, 大惊小怪		idiom	
a tough nut to crack	baiango-idiom	棘手的问题,难以对付的人		idiom	
a watched pot never boils	baiango-idiom	心急水不开		idiom	
abide by	wec-phrasal	遵守; 信守; 忠于（某人）; 接受		phrasal	
above board	baiango-idiom+moby-pos	公开地, 光明正大地		idiom	
accord with	wec-phrasal	与...符合, 与...一致		phrasal	
account for	wec-phrasal+moby-pos	对…负有责任；对…做出解释；说明……的原因；导致；（比例）占		phrasal	
ace in the hole	baiango-idiom	底牌,王牌,出奇制胜;应急法宝,锦囊妙计		idiom	
ache for	wec-phrasal	渴望,想念		phrasal	
achieve the goal	baiango-idiom	达到目的		idiom	
acid test	baiango-idiom+moby-pos	硝酸试金法, 严峻考验\n[经] 酸性试验		idiom	
act as	wec-phrasal	担当…, 起…的作用; 充; 充当; 为		phrasal	
act of god	baiango-idiom	[经] 天灾, 不可抗力		idiom	
act on	wec-phrasal+moby-pos	按...行动, 作用于\n[机] 作用于		phrasal	
act out	wec-phrasal+moby-pos	将...表演出来, 将...付诸行动		phrasal	
act up	wec-phrasal+moby-pos	运作不正常, 调皮		phrasal	
act upon	wec-phrasal	对…起作用[有功效]; 奉行, 按照…而行动; 照办		phrasal	
actions speak louder than words	baiango-idiom	行动比言语更响亮		idiom	
add in	wec-phrasal	把...包括在内\n[计] 添加		phrasal	
add insult to injury	baiango-idiom	伤害之余又侮辱		idiom	
add on	wec-phrasal	（在计算或目录的末尾额外）加上, 附加		phrasal	
add to	wec-phrasal	[机] 加入, 加到		phrasal	
add up	wec-phrasal+moby-pos	合计		phrasal	
add up to	wec-phrasal	合计达		phrasal	
adhere to	wec-phrasal	执着于,坚持,粘附于,信奉…		phrasal	
adjourn to	wec-phrasal	休会到…;转移到…继续谈		phrasal	
admit of	wec-phrasal	承认,坦白		phrasal	
against the clock	baiango-idiom	抢在某一时刻之前		idiom	
against the grain	baiango-idiom	格格不入		idiom	
agree with	wec-phrasal	同意…,与…意见一致;适应…		phrasal	
aim at	wec-phrasal	瞄准,对准;旨在,目的在于		phrasal	
alight on	wec-phrasal	碰到,碰巧遇到		phrasal	
alive and kicking	baiango-idiom	活蹦乱跳的		idiom	
all aboard	baiango-idiom	请上船(车、飞机)		idiom	
all ears	baiango-idiom	全神贯注地听		idiom	
all set	baiango-idiom	一切准备就绪		idiom	
all thumbs	baiango-idiom	笨手笨脚的		idiom	
allow for	wec-phrasal	虑及, 体谅		phrasal	
allow of	wec-phrasal	容许		phrasal	
amount to	wec-phrasal	[经] 等于, 相当于		phrasal	
an arm and a leg	baiango-idiom	代价昂贵的,贵得出奇,高昂的代价		idiom	
an eye for an eye	baiango-idiom	以眼还眼, 报复		idiom	
answer back	wec-phrasal+moby-pos	顶嘴\n[计] 应答; 回答信号		phrasal	
answer for	wec-phrasal+moby-pos	符合（…需要）; 对…负责; 充当…; 许诺		phrasal	
answer to	wec-phrasal	与…一致,符合;因…而起作用		phrasal	
argue out	wec-phrasal	把…辩论清楚		phrasal	
around the world	baiango-idiom	全世界,遍及全世界,世界各地		idiom	
arrive at	wec-phrasal	到达, 达到		phrasal	
arse around	wec-phrasal	[网络] 屁股		phrasal	
as busy as a bee	baiango-idiom	极忙碌		idiom	
as clear as mud	baiango-idiom	毫不清楚,令人迷惑不解		idiom	
as cool as a cucumber	baiango-idiom	极为冷静		idiom	
as easy as abc	baiango-idiom	极其容易,十分简单		idiom	
as fit as a fiddle	baiango-idiom	十分健康,精神饱满		idiom	
as old as the hills	baiango-idiom	极古老		idiom	
as right as rain	baiango-idiom	非常健康		idiom	
as the crow flies	baiango-idiom	笔直的		idiom	
ask about	wec-phrasal	打听,询问		phrasal	
ask after	wec-phrasal+moby-pos	探问		phrasal	
ask around	wec-phrasal	到处打听		phrasal	
ask for	wec-phrasal+moby-pos	请求, 找(人)		phrasal	
ask in	wec-phrasal	请（某人）进来		phrasal	
ask out	wec-phrasal	请（某人）外出		phrasal	
ask over	wec-phrasal	请（某人）来自己家		phrasal	
ask round	wec-phrasal	邀请(某人)来家(常指短时间的)：；(多方)打听, 询问:		phrasal	
associate with	wec-phrasal	与…有联系,和…交往		phrasal	
at a loose end	baiango-idiom	闲着		idiom	
at loggerheads	baiango-idiom	发生争执		idiom	
at sixes and sevens	baiango-idiom	乱七八糟, 不和		idiom	
at the drop of a hat	baiango-idiom	一发出信号就…,立刻,毫不迟疑地		idiom	
at the eleventh hour	baiango-idiom	在最后时刻		idiom	
attend to	wec-phrasal	处理; 注意; 听取; 致力于		phrasal	
auction off	wec-phrasal	把（财产）拍卖掉		phrasal	
average out	wec-phrasal	算出...平均数, 最终得到平衡\n[经] 达到平均数		phrasal	
awaken to	wec-phrasal	v. 醒悟		phrasal	
back away	wec-phrasal	逐渐后退		phrasal	
back down	wec-phrasal+moby-pos	放弃要求, 取消前言		phrasal	
back into	wec-phrasal	（使）倒进…		phrasal	
back off	wec-phrasal	后退		phrasal	
back out	wec-phrasal+moby-pos	停止不干, 食言\n[法] 收回, 不再担保, 不承认		phrasal	
back out of	wec-phrasal	退出,不履行		phrasal	
back to square one	baiango-idiom	回到起始状态		idiom	
back to the salt mines	baiango-idiom	重回工作岗位,重操旧业,又要辛苦了		idiom	
back up	wec-phrasal+moby-pos	支持, 倒退, 给...装上背衬		phrasal	
backseat driver	baiango-idiom	n. 指那些自己不在岗位上，但是却喜欢不断给在位的人提供别人不需要的意见或建议的人。		idiom	
bail out	wec-phrasal	跳伞\n[法] 保释, 委托		phrasal	
balance out	wec-phrasal	相抵，平衡		phrasal	
bale out	wec-phrasal+moby-pos	v. 用降落伞降落; 跳伞		phrasal	
ball up	wec-phrasal	[机] 滚成球		phrasal	
band together	wec-phrasal	（使）联合起来; 穿连裆裤; 成群结队		phrasal	
bang about	wec-phrasal	发出响声地动来动去		phrasal	
bang around	wec-phrasal	发出响声地动来动去		phrasal	
bang on	wec-phrasal+moby-pos	正合适,正好,好极了,太好了		phrasal	
bang out	wec-phrasal	v. 匆匆做出		phrasal	
bang up	wec-phrasal+moby-pos	撞坏, 砰地摔下		phrasal	
bank on	wec-phrasal+moby-pos	指望, 依赖		phrasal	
bank up	wec-phrasal	堆积, 筑堤		phrasal	
bargain down	wec-phrasal	[网络] 讨价还价		phrasal	
bargain for	wec-phrasal+moby-pos	指望, 想以廉价买		phrasal	
bargain on	wec-phrasal+moby-pos	指望,预料		phrasal	
barge in	wec-phrasal	v. 闯入, 干涉		phrasal	
barge into	wec-phrasal	v. 闯入,与…相撞		phrasal	
base on	wec-phrasal	v. 基于		phrasal	
bash in	wec-phrasal	v. 打坏		phrasal	
basket case	baiango-idiom+moby-pos	[医] 全肢断离者		idiom	
bat around	wec-phrasal+moby-pos	到处游荡, 详细讨论		phrasal	
batten on	wec-phrasal	靠...养肥		phrasal	
batter down	wec-phrasal	撞倒,冲垮,摧毁		phrasal	
bawl out	wec-phrasal+moby-pos	<美口>痛骂; 训斥喊叫; <美>大骂; 痛责		phrasal	
be after	wec-phrasal	追赶, 寻找		phrasal	
be along	wec-phrasal	来到		phrasal	
be cut out for	wec-phrasal	适合于, 天生是...的料子		phrasal	
be down on	wec-phrasal	对...有怨气		phrasal	
be fed up	wec-phrasal	吃得过饱, 极厌倦		phrasal	
be in	wec-phrasal	到达，执政; 在家; 搞		phrasal	
be in hot water	baiango-idiom	陷入困境		idiom	
be in on	wec-phrasal	参预		phrasal	
be off	wec-phrasal	离开,取消,竣工,变坏		phrasal	
be on	wec-phrasal	已经开始了, 接受打赌; 上映		phrasal	
be on the ball	baiango-idiom	在精力充沛地行动, 知情, 内行		idiom	
be out to	wec-phrasal	企图,决心,很想…		phrasal	
be taken aback	wec-phrasal	吃惊		phrasal	
be taken with	wec-phrasal	喜欢,被…迷住,对…感兴趣		phrasal	
be up	wec-phrasal	起床		phrasal	
be up to	wec-phrasal	胜任,达到,由…负责		phrasal	
beam up	wec-phrasal	[化] 放大油嘴; 放大油嘴直径		phrasal	
bear down	wec-phrasal+moby-pos	压倒, 击败		phrasal	
bear down on	wec-phrasal	加压力于, 冲向, 袭击		phrasal	
bear on	wec-phrasal+moby-pos	使难以承受负荷, 有关, 瞄准\n[法] 施力压力, 有关系, 有影响		phrasal	
bear out	wec-phrasal+moby-pos	证实\n[法] 证明, 证实, 辩护		phrasal	
bear up	wec-phrasal+moby-pos	承受, 使振作, 始终忠于, 驶向下风		phrasal	
bear up under	wec-phrasal	挺住,顶住,经受		phrasal	
bear with	wec-phrasal+moby-pos	[法] 忍耐		phrasal	
beat around the bush	baiango-idiom	转弯抹角, 旁敲侧击, 拖延谈及正题		idiom	
beat down	wec-phrasal+moby-pos	打倒, 镇压, 杀价		phrasal	
beat off	wec-phrasal	打退		phrasal	
beat on	wec-phrasal	敲打		phrasal	
beat out	wec-phrasal	敲平, 搞清		phrasal	
beat up	wec-phrasal+moby-pos	痛打, 惊扰, 招募, 搅拌\n[法] 殴打, 虐待, 杀		phrasal	
beaver away	wec-phrasal	忙于（某事）, 勤奋工作		phrasal	
become of	wec-phrasal	发生, 结果是		phrasal	
bed down	wec-phrasal	安排(人/动物)舒服地睡觉, 使自己舒服地睡觉		phrasal	
bed out	wec-phrasal	栽种,移栽		phrasal	
beef up	wec-phrasal	<口>加强, 补充（人数、兵力）等; 使更大（更好、更有意思等）		phrasal	
behind closed doors	baiango-idiom	与外界隔绝地, 秘密地		idiom	
behind the scenes	baiango-idiom	在后台, 在幕后\n[法] 秘密地, 暗中, 幕后		idiom	
behind the times	baiango-idiom	过时		idiom	
believe in	wec-phrasal	信仰, 信任		phrasal	
belong to	wec-phrasal	属于		phrasal	
belong with	wec-phrasal	属于…,与…配套,适合…		phrasal	
belt down	wec-phrasal	朝…方向急走；飞奔		phrasal	
belt out	wec-phrasal+moby-pos	拉开嗓门唱, 热情演奏		phrasal	
belt up	wec-phrasal+moby-pos	安静些, 别讲话了; 系上安全带		phrasal	
bend down	wec-phrasal	弯腰,俯身		phrasal	
bend over	wec-phrasal	俯身于…		phrasal	
bend over backwards	wec-phrasal+baiango-idiom	矫枉过正, 拼命		idiom	
benefit of the doubt	baiango-idiom	[法] 先推定为无罪		idiom	
between the devil and the deep blue sea	baiango-idiom	进退两难,进退维谷,处于困境		idiom	
bid up	wec-phrasal+moby-pos	哄抬(价钱)\n[法] 哄抬		phrasal	
bind over	wec-phrasal+moby-pos	在法庭发誓		phrasal	
bird's eye view	baiango-idiom	n. 鸟瞰；俯视		idiom	
bitch up	wec-phrasal	破坏,搞糟		phrasal	
bite at	wec-phrasal	咬, 向...叫骂		phrasal	
bite back	wec-phrasal+moby-pos	把咽了回去		phrasal	
bite off	wec-phrasal	咬掉, 截去		phrasal	
bite the bullet	baiango-idiom	硬着头皮,死撑硬顶		idiom	
bite the dust	baiango-idiom	大败		idiom	
black and blue	baiango-idiom	青肿的, 淤血的		idiom	
black out	wec-phrasal	使停刊, 熄灭灯火		phrasal	
blank out	wec-phrasal	消失, 成为空白		phrasal	
blare out	wec-phrasal	n. 嘟嘟声, 响而刺耳的声音; （颜色等的）光泽; （音乐）声音响亮, （收音机等）高声播出（音乐）		phrasal	
blast away	wec-phrasal	炸开,爆炸;责骂,痛骂		phrasal	
blast off	wec-phrasal+baiango-idiom	点火起飞		idiom	
blaze away	wec-phrasal	连续发射, 使劲做		phrasal	
blend in	wec-phrasal	（使）（与…）和谐或协调		phrasal	
blend into	wec-phrasal	调合成,融合成…		phrasal	
bliss out	wec-phrasal	狂喜, 进入狂喜的状态		phrasal	
block in	wec-phrasal	草拟		phrasal	
block off	wec-phrasal	关闭, 封闭, 封锁		phrasal	
block out	wec-phrasal+moby-pos	遮住; 遮挡…使不被印出来; 画出…的略图; 打草样		phrasal	
block up	wec-phrasal	阻碍, 垫高\n[机] 停用, 关闭		phrasal	
blood is thicker than water	baiango-idiom	血浓于水		idiom	
blot out	wec-phrasal	抹去		phrasal	
blot up	wec-phrasal	擦干,吸干		phrasal	
blow away	wec-phrasal	吹散,吹走		phrasal	
blow down	wec-phrasal	[电] 冲放		phrasal	
blow hot and cold	baiango-idiom	摇摆不定		idiom	
blow in	wec-phrasal+moby-pos	突然来到, 突然来访		phrasal	
blow off	wec-phrasal+moby-pos	吹掉, 放出		phrasal	
blow off steam	baiango-idiom	放出多余的蒸汽, 发脾气, 花掉多余的精力		idiom	
blow out	wec-phrasal+moby-pos	吹熄, 爆裂\n[经] 井喷, 井喷险		phrasal	
blow over	wec-phrasal+moby-pos	被淡忘		phrasal	
blow up	wec-phrasal+moby-pos	使充气, 爆炸, 放大\n[化] 爆发		phrasal	
blurt out	wec-phrasal	因为高兴或紧张而不假思索地脱口而出; 直言不讳		phrasal	
board out	wec-phrasal	在外面用膳		phrasal	
board up	wec-phrasal	用木板封住, 用木板隔断		phrasal	
bob up	wec-phrasal	突然出现		phrasal	
bog down	wec-phrasal+moby-pos	陷入困境, 停顿		phrasal	
boil away	wec-phrasal+moby-pos	不断沸腾, 汽化		phrasal	
boil down	wec-phrasal+moby-pos	熬浓, 压缩\n[机] 煮浓		phrasal	
boil down to	wec-phrasal	归结为		phrasal	
boil over	wec-phrasal+moby-pos	沸溢, 发怒\n[机] 沸溢		phrasal	
boil up	wec-phrasal+moby-pos	(麻烦)到了一触即发的地步		phrasal	
bolster up	wec-phrasal	支持, 支撑, 巩固; 撑腰		phrasal	
bomb out	wec-phrasal+moby-pos	炸毁		phrasal	
bone up	wec-phrasal	<俚>抓紧温习（课程）（特指学生考试前临阵磨枪）, （为某种目的）突击钻研（某种学科等）		phrasal	
bone up on	wec-phrasal	认真学,专心致志地学努力研读		phrasal	
book in	wec-phrasal+moby-pos	登记住入,签到		phrasal	
book of knowledge	baiango-idiom	[网络] 知识积累与共享；知识全书；知识册		idiom	
book up	wec-phrasal	预订, 预订座位		phrasal	
boot out	wec-phrasal	赶走, 开除		phrasal	
boot up	wec-phrasal	[计]引导，启动		phrasal	
border on	wec-phrasal	接壤		phrasal	
born on the wrong side of the blanket	baiango-idiom	a. 私生的		idiom	
boss around	wec-phrasal	颐指气使		phrasal	
botch up	wec-phrasal	<口>（由于不注意、不小心等）搞坏, 弄糟		phrasal	
bottle up	wec-phrasal+moby-pos	克制; 遏制; 抑制; 约束		phrasal	
bottom line	baiango-idiom	n. 概要, 账本底线		idiom	
bottom out	wec-phrasal+moby-pos	达到最低点\n[经] 走出谷底		phrasal	
bounce back	wec-phrasal+moby-pos	受挫折后恢复原状; 回声; 卷土重来		phrasal	
bounce off	wec-phrasal	试探（某人对某一新设想和意见），大发议论		phrasal	
bow down	wec-phrasal	压弯（某物）, 使（某物）弯下; 屈服		phrasal	
bow out	wec-phrasal+moby-pos	躬身送（某人）出门; 放弃做（某事）; 退出		phrasal	
bow to	wec-phrasal	屈服于,屈从于,服从		phrasal	
bowl out	wec-phrasal	问住,难住;戳穿		phrasal	
bowl over	wec-phrasal+moby-pos	击倒, 使狼狈		phrasal	
box in	wec-phrasal	如盒子一般地围起来, 不让…通过		phrasal	
box up	wec-phrasal	装箱, 困住		phrasal	
brace up	wec-phrasal	打起精神, 下定决心		phrasal	
branch off	wec-phrasal	分叉		phrasal	
branch out	wec-phrasal+moby-pos	长出枝条, 扩展范围		phrasal	
brave out	wec-phrasal	[网络] 勇敢的		phrasal	
break a leg	baiango-idiom	祝好运；大获成功（用于祝愿演员演出成功）		idiom	
break away	wec-phrasal	突然离开, 脱离, 放弃		phrasal	
break bread	baiango-idiom	共餐		idiom	
break down	wec-phrasal+moby-pos	毁掉, 制服, 压倒, 倒塌, 垮掉, 分解\n[化] 发生故障		phrasal	
break in	wec-phrasal+moby-pos	训练, 使经使用逐渐合用, 闯入, 打断		phrasal	
break into	wec-phrasal+moby-pos	破门而入, 侵占\n[法] 破门而入		phrasal	
break new ground	baiango-idiom	开创新局面		idiom	
break off	wec-phrasal	折断, 突然停止, 脱落, 断绝, 暂停		phrasal	
break out	wec-phrasal+moby-pos	突发, 爆发, 叫嚷, 倒空, 取出, 使作准备\n[机] 铸漏		phrasal	
break out in	wec-phrasal	突然发出,迸发出,突发		phrasal	
break someone's heart	baiango-idiom	使心碎		idiom	
break the bank	baiango-idiom	耗尽资源		idiom	
break the ice	baiango-idiom	打破沉默		idiom	
break the mold	baiango-idiom	[化] 揭模; 开模		idiom	
break through	wec-phrasal+moby-pos	突围, 突破\n[计] 断缺		phrasal	
break up	wec-phrasal+moby-pos	打碎, 破碎, 分裂, 分解, 驱散, 结束, 衰退, 衰落, 变坏		phrasal	
break with	wec-phrasal	与...绝交, 摒弃		phrasal	
breathe in	wec-phrasal	吸入		phrasal	
breathe out	wec-phrasal	呼出		phrasal	
breed out	wec-phrasal	在人工繁殖中消除		phrasal	
breeze along	wec-phrasal	步履轻盈		phrasal	
breeze in	wec-phrasal	象一阵风似地来到, 突然出现, 轻而易举地取胜		phrasal	
breeze through	wec-phrasal	轻松地做		phrasal	
brew up	wec-phrasal	泡茶		phrasal	
brick in	wec-phrasal	用砖补		phrasal	
brick up	wec-phrasal	用砖砌住		phrasal	
bright and early	baiango-idiom	大清早		idiom	
brighten up	wec-phrasal	使愉快,使生辉		phrasal	
brim over	wec-phrasal	满而溢出; 盈溢; 漫溢		phrasal	
bring about	wec-phrasal+moby-pos	带来, 使掉头		phrasal	
bring along	wec-phrasal	带来,随身携带		phrasal	
bring around	wec-phrasal	使信服		phrasal	
bring back	wec-phrasal	拿回来, 使回忆起来, 使恢复		phrasal	
bring down	wec-phrasal+moby-pos	打倒, 击落, 击败, 降低\n[经] 结转, 转下		phrasal	
bring forth	wec-phrasal	使产生		phrasal	
bring forward	wec-phrasal+moby-pos	提出, 提前\n[经] 结转		phrasal	
bring home the bacon	baiango-idiom	成功, 谋生		idiom	
bring in	wec-phrasal+moby-pos	提出, 挣得, 引进		phrasal	
bring off	wec-phrasal+moby-pos	救出, 完成		phrasal	
bring on	wec-phrasal+moby-pos	引起, 导致, 使发展		phrasal	
bring out	wec-phrasal+moby-pos	使显示, 出版, 说出\n[经] 包销人公开出售新证券		phrasal	
bring over	wec-phrasal+moby-pos	使转变, 把...带来\n[经] 转入(下页,次页)		phrasal	
bring round	wec-phrasal+moby-pos	把（某人或某物）带到约好的地点; 劝说（某人）改变主意[意见]; 说服（某人）; 使恢复知觉		phrasal	
bring the house down	baiango-idiom	博得满堂喝彩		idiom	
bring through	wec-phrasal	救活		phrasal	
bring together	wec-phrasal	使相合[连接]; 使相识; 使坐在一起; 使会面		phrasal	
bring up	wec-phrasal+moby-pos	教育, 培养, 提出, 停下, 呕出		phrasal	
bristle with	wec-phrasal	充满		phrasal	
broaden out	wec-phrasal	1。（路、河等）变宽; 2。拓展; 扩大; （使）数目增加		phrasal	
brush aside	wec-phrasal+moby-pos	扫除, 漠视		phrasal	
brush away	wec-phrasal	刷去		phrasal	
brush down	wec-phrasal	刷掉; 掸掉; 把…刷干净; 斥责（某人）		phrasal	
brush off	wec-phrasal+moby-pos	刷去, 脱落, 除掉		phrasal	
brush up	wec-phrasal+moby-pos	刷干净, 复习, 提高\n[机] 刷新, 擦光		phrasal	
bubble over	wec-phrasal	冒泡溢出, 激动起来		phrasal	
bubble up	wec-phrasal	冒泡, 沸腾		phrasal	
bubble with	wec-phrasal	沸腾着,洋溢着		phrasal	
buck up	wec-phrasal+moby-pos	使振作		phrasal	
buckle down	wec-phrasal+moby-pos	全力以赴		phrasal	
buckle under	wec-phrasal	让步, 屈服, 投降		phrasal	
buckle up	wec-phrasal	系好（安全带）		phrasal	
bug off	wec-phrasal	停止打扰走开		phrasal	
bug out	wec-phrasal	暴突, 撤退		phrasal	
bugger about	wec-phrasal+moby-pos	逛来逛去, 无所事事		phrasal	
bugger off	wec-phrasal+moby-pos	<英俚>走开, 离开		phrasal	
build in	wec-phrasal+moby-pos	嵌入, 插入		phrasal	
build into	wec-phrasal+moby-pos	使成为…的一部分		phrasal	
build on	wec-phrasal	在原有的建筑物上增建; 以…为基础; 依赖; 一心指望		phrasal	
build up	wec-phrasal+moby-pos	树立, 增进, 增大, 堵塞\n[化] 提升力		phrasal	
build upon	wec-phrasal	指望, 依赖, 建立于		phrasal	
bulk up	wec-phrasal+moby-pos	形成大数目, 胀大		phrasal	
bully off	wec-phrasal	【曲棍球】争球, 开球：		phrasal	
bum around	wec-phrasal	闲混; 游荡		phrasal	
bump into	wec-phrasal+moby-pos	偶然遇见		phrasal	
bump off	wec-phrasal+moby-pos	杀死某人, 谋杀某人		phrasal	
bump up	wec-phrasal+moby-pos	突然增加, 提高		phrasal	
bundle off	wec-phrasal	匆匆离开		phrasal	
bundle up	wec-phrasal+moby-pos	把...捆扎, 使穿暖		phrasal	
bung up	wec-phrasal	打伤, 打坏, 塞住		phrasal	
bunk off	wec-phrasal	[口语](从学校、家里)逃跑；逃避(责任)：		phrasal	
buoy up	wec-phrasal	使浮起, 使不下沉, 使在空中飘浮		phrasal	
burn away	wec-phrasal	继续燃烧, 烧掉		phrasal	
burn down	wec-phrasal	烧成平地, 火力减弱\n[机] 烧去, 火力衰退		phrasal	
burn in	wec-phrasal+moby-pos	留下不可磨灭的印象		phrasal	
burn off	wec-phrasal+moby-pos	[化] 烧尽		phrasal	
burn out	wec-phrasal+moby-pos	烧坏, 烧掉, 烧尽\n[机] 烧光		phrasal	
burn the midnight oil	baiango-idiom	开夜车		idiom	
burn up	wec-phrasal	烧起来, 烧掉, 发怒		phrasal	
burst in on	wec-phrasal	（因突然到来）阻碍某人[某事物]		phrasal	
burst into	wec-phrasal	闯入, 开出, 突然出现		phrasal	
burst out	wec-phrasal	闯出来, 大声喊, 突发		phrasal	
bury the hatchet	baiango-idiom	和解, 停战		idiom	
bust up	wec-phrasal	（尤指夫妻之间）争吵而离异; 使终止, 破坏		phrasal	
butt in	wec-phrasal	插手, 干涉		phrasal	
butt out	wec-phrasal	别管闲事		phrasal	
butter up	wec-phrasal+moby-pos	阿谀奉承		phrasal	
butterflies in the stomach	baiango-idiom	n. 神经质的发抖		idiom	
button up	wec-phrasal+moby-pos	[电] 按上		phrasal	
buy a pig in a poke	baiango-idiom	v. 瞎买东西		idiom	
buy in	wec-phrasal+moby-pos	买进\n[经] 买进(股票)		phrasal	
buy into	wec-phrasal+moby-pos	出钱入(某组织或企业)		phrasal	
buy off	wec-phrasal+moby-pos	收买\n[经] 买通		phrasal	
buy out	wec-phrasal+moby-pos	出钱使放弃地位\n[经] 买下, 买妥, 买下...的全部产权		phrasal	
buy up	wec-phrasal+moby-pos	全买\n[经] 囤积, 收买(公司等), 全买		phrasal	
buzz around	wec-phrasal	<俚>匆忙而紧张地行动, 乱哄哄地跑来跑去		phrasal	
buzz off	wec-phrasal+moby-pos	走开, 匆忙离去		phrasal	
by hook or by crook	baiango-idiom	vt. 弯成钩形; 想方设法; 不择手段; 千方百计		idiom	
by leaps and bounds	baiango-idiom	非常迅速地		idiom	
by the book	baiango-idiom	按常规		idiom	
calculate on	wec-phrasal	指望		phrasal	
call a spade a spade	baiango-idiom	直言不讳		idiom	
call after	wec-phrasal	追在...的后面叫喊, 以(某人)的名字为...命名		phrasal	
call at	wec-phrasal	停靠(车站), 拜访(家/办公室)		phrasal	
call away	wec-phrasal	叫走, 转移		phrasal	
call back	wec-phrasal	叫回来, 收回, 打回电		phrasal	
call by	wec-phrasal	顺路拜访		phrasal	
call down	wec-phrasal+moby-pos	叫...下来, 祈求到, 招致, 责骂		phrasal	
call for	wec-phrasal	叫(某人)来, 要求, 为...叫喊, 为...叫		phrasal	
call forth	wec-phrasal+moby-pos	引起, 使产生, 使起作用		phrasal	
call in	wec-phrasal+moby-pos	召集, 召来, 来访\n[电] 叫入		phrasal	
call it a day	baiango-idiom	收工, 当天的工作干完了.		idiom	
call it quits	baiango-idiom	停止		idiom	
call off	wec-phrasal+moby-pos	叫走, 放弃, 使转移走, 依次叫名		phrasal	
call on	wec-phrasal	号召, 呼吁, 约请, 访问		phrasal	
call out	wec-phrasal+moby-pos	召唤...行动, 唤起, 大声叫唤		phrasal	
call round	wec-phrasal	访问,拜访		phrasal	
call the shots	baiango-idiom	控制事态, 操纵		idiom	
call the tune	baiango-idiom	定调子, 发号施令, 操纵		idiom	
call up	wec-phrasal+moby-pos	召集, 使想起, 提出, 打电话给		phrasal	
call upon	wec-phrasal	号召, 拜访; 省视		phrasal	
calm down	wec-phrasal	平静下来, 镇定下来		phrasal	
camp out	wec-phrasal	野营		phrasal	
camp up	wec-phrasal	装腔作势地表演，矫揉造作		phrasal	
cancel out	wec-phrasal	[经] 抵销, 取消		phrasal	
cap off	wec-phrasal	脱盖；结束某事		phrasal	
capitalize on	wec-phrasal	利用		phrasal	
care for	wec-phrasal	喜欢, 照顾, 为...操心, 尊重		phrasal	
carry forward	wec-phrasal+moby-pos	推进, 结转\n[经] 结转, 过次页		phrasal	
carry off	wec-phrasal+moby-pos	夺去...的生命, 获得, 成功对付\n[建] 带走, 夺去		phrasal	
carry on	wec-phrasal+moby-pos	继续开展, 行为愚蠢(或越轨)\n[经] 继续发展(经营)下去		phrasal	
carry on with	wec-phrasal	与...调情		phrasal	
carry out	wec-phrasal+moby-pos	进行, 实现, 贯彻, 执行\n[经] 进行(到底), 执行, 落实		phrasal	
carry over	wec-phrasal+moby-pos	继续, 结转次页, 把...留到以后处理\n[化] 带出; 带出粉尘		phrasal	
carry the can	baiango-idiom	代人受过		idiom	
carry the torch	baiango-idiom	开战, 奋斗, 单恋		idiom	
carry through	wec-phrasal+moby-pos	实现, 使度过困难, 坚持下去\n[经] 进行(到底), 贯彻		phrasal	
cart off	wec-phrasal+moby-pos	运送; 载运; （以武力）带走; 挟持		phrasal	
carve out	wec-phrasal+moby-pos	开辟		phrasal	
carve up	wec-phrasal+moby-pos	瓜分, 划分		phrasal	
cash in	wec-phrasal+moby-pos	兑现, 结清帐目\n[经] 兑现, 赚到钱, 结算		phrasal	
cash in on	wec-phrasal	靠...赚钱, 乘机利用\n[经] 靠...赚钱, 乘机利用		phrasal	
cash out	wec-phrasal	[财]现金不足; [计]现金支出		phrasal	
cash up	wec-phrasal+moby-pos	付清帐款		phrasal	
cast about for	wec-phrasal	寻找		phrasal	
cast aside	wec-phrasal	消除, 废除		phrasal	
cast off	wec-phrasal	丢弃		phrasal	
cast on	wec-phrasal+moby-pos	起针		phrasal	
cast out	wec-phrasal	驱逐		phrasal	
cast pearls before swine	baiango-idiom	明珠暗投		idiom	
cast up	wec-phrasal	计算, 呕吐		phrasal	
castles in the air	baiango-idiom	空中楼阁		idiom	
catch at	wec-phrasal	试图抓住, 死命抓住		phrasal	
catch on	wec-phrasal+moby-pos	变得流行, 理解, 明白		phrasal	
catch out	wec-phrasal+moby-pos	<非正>揭露; 恰遇某人不在; 将…难住; 使怀孕		phrasal	
catch some z's	baiango-idiom	v. 〈非正式〉打个盹儿；“Z”常在漫画中使用\n[网络] 小睡一会儿；小寐一番；小睡一下		idiom	
catch up	wec-phrasal+moby-pos	把...很快拾起, 把...缠住\n[计] 抓取程序		phrasal	
catch up on	wec-phrasal	补做(工作)		phrasal	
catch up with	wec-phrasal	赶上		phrasal	
cater for	wec-phrasal	供应伙食, 迎合		phrasal	
cater to	wec-phrasal	迎合		phrasal	
cave in	wec-phrasal+moby-pos	塌落, 下陷, 投降, 屈服		phrasal	
chalk out	wec-phrasal+moby-pos	规划, 打...的草图		phrasal	
chalk up	wec-phrasal+baiango-idiom+moby-pos	记下, 得到		idiom	
chance on	wec-phrasal	偶然发现		phrasal	
chance upon	wec-phrasal	偶然发现[遇到]; 碰见		phrasal	
change back	wec-phrasal	恢复到原来的样子、特性等; 换上原来的衣服		phrasal	
change down	wec-phrasal+moby-pos	放慢车速		phrasal	
change into	wec-phrasal	变成		phrasal	
change of heart	baiango-idiom	变心		idiom	
change over	wec-phrasal	（使）改变, （使）变换; 调换; 掉期		phrasal	
change the tune	baiango-idiom	转变态度		idiom	
change up	wec-phrasal+moby-pos	加快车速		phrasal	
charge up	wec-phrasal	跑上来; 挂账; 记在…账上; 为…充电		phrasal	
charge with	wec-phrasal	[法] 指控...为, 委以...		phrasal	
chase away	wec-phrasal	赶走, 驱逐		phrasal	
chase down	wec-phrasal	找出		phrasal	
chase rainbows	baiango-idiom	白日做梦,梦想获得不可能得到的东西		idiom	
chase up	wec-phrasal	追寻; 追查; 查核; 查证		phrasal	
chat up	wec-phrasal+moby-pos	闲谈		phrasal	
cheap as dirt	baiango-idiom	便宜极了,奇贱		idiom	
cheat on	wec-phrasal	对…不忠实; 作弊		phrasal	
check against	wec-phrasal	检查, 核对		phrasal	
check in	wec-phrasal+moby-pos	登记, 报到\n[法] 登记, 报到, 住宿		phrasal	
check into	wec-phrasal	到达并在…登记; 调查		phrasal	
check off	wec-phrasal	经查对无误而在...上作记号, 认为...决不可能因而不再考虑\n[法] 查讫, 盖章, 扣除		phrasal	
check on	wec-phrasal	检查,核对		phrasal	
check out	wec-phrasal	付帐后离开, 检查, 符合要求, 通过\n[法] 离开旅馆, 检验, 盖章		phrasal	
check out of	wec-phrasal	出发,付清帐而离开		phrasal	
check over	wec-phrasal	核对, 仔细检查		phrasal	
check up	wec-phrasal	核对, 检查\n[经] 检查, 查对		phrasal	
check up on	wec-phrasal	查清		phrasal	
cheer up	wec-phrasal	使振奋, 感到振奋		phrasal	
chew on	wec-phrasal	寻思,细想,仔细考虑		phrasal	
chew out	wec-phrasal+moby-pos	严厉责备		phrasal	
chew over	wec-phrasal+moby-pos	细想, 仔细考虑		phrasal	
chew the fat	baiango-idiom	闲谈		idiom	
chew up	wec-phrasal+moby-pos	充分咀嚼; 弄坏; 罚; 申斥		phrasal	
chicken out	wec-phrasal+baiango-idiom+moby-pos	临阵退缩		idiom	
chill out	wec-phrasal	冷静点=calm down; 冷静下来; 别紧张; 放松一下。		phrasal	
chime in	wec-phrasal+moby-pos	插话		phrasal	
chime in with	wec-phrasal	与...协调		phrasal	
chip away	wec-phrasal	拆掉, 削掉, 铲除; 凿[敲]下碎片; 蚕食; 逐步瓦解		phrasal	
chip away at	wec-phrasal	劈下..., 削去..., 击碎...		phrasal	
chip in	wec-phrasal+moby-pos	插嘴, 捐助, 下赌注		phrasal	
chip off	wec-phrasal	切下		phrasal	
choke back	wec-phrasal+moby-pos	抑制		phrasal	
choke down	wec-phrasal	硬咽, 抑制		phrasal	
choke off	wec-phrasal	中止做; 使放弃做; 批评; 责备		phrasal	
choke out	wec-phrasal	闭死		phrasal	
choke up	wec-phrasal+moby-pos	塞住, 噎住, 阻塞		phrasal	
choose up	wec-phrasal	<口>（临时性非正式比赛中）选定对阵双方的球员, 把人分成两队进行比赛[游戏]		phrasal	
chop down	wec-phrasal	伐倒		phrasal	
chop off	wec-phrasal	砍掉; 斩断; 刽		phrasal	
chop up	wec-phrasal	剁碎; 割断		phrasal	
chuck away	wec-phrasal	扔掉, 浪费, 失去机会		phrasal	
chuck out	wec-phrasal+moby-pos	丢掉, 抛弃：；赶走, 撵出；开除, 解雇：		phrasal	
chuck up	wec-phrasal	嫌弃,放弃		phrasal	
churn out	wec-phrasal+moby-pos	艰苦地做出		phrasal	
churn up	wec-phrasal	搅拌		phrasal	
clam up	wec-phrasal+baiango-idiom+moby-pos	拒不开口		idiom	
clamp down	wec-phrasal+moby-pos	取缔, 强行压制		phrasal	
claw back	wec-phrasal+moby-pos	(英)加税补偿		phrasal	
clean bill of health	baiango-idiom	[经] 船内安全报告, 健康证明书		idiom	
clean down	wec-phrasal	刷干净		phrasal	
clean out	wec-phrasal+moby-pos	清除, 打扫干净\n[机] 清除口		phrasal	
clean up	wec-phrasal+moby-pos	打扫干净, 清理, 做完		phrasal	
clear away	wec-phrasal+moby-pos	清除, 消失		phrasal	
clear off	wec-phrasal+moby-pos	清除, 摆脱, 走开, 消散\n[法] 清偿		phrasal	
clear out	wec-phrasal+moby-pos	离开, 把...清出\n[经] 办理海关出口手续		phrasal	
clear the air	baiango-idiom	使空气清新, 澄清事实, 消除误会		idiom	
clear the decks	baiango-idiom	清除障碍准备行动		idiom	
clear up	wec-phrasal+moby-pos	整理, 消除, 放晴		phrasal	
cleave to	wec-phrasal	粘着, 坚持		phrasal	
climb down	wec-phrasal+moby-pos	爬下, 让步, 屈服		phrasal	
climb the ladder	baiango-idiom	上绞架,被处绞刑		idiom	
cling to	wec-phrasal	依附, 依靠, 坚持		phrasal	
clock in	wec-phrasal	打卡上班		phrasal	
clock off	wec-phrasal+moby-pos	打卡以记录下班时间		phrasal	
clock on	wec-phrasal+moby-pos	打卡以记录上班时间		phrasal	
clock out	wec-phrasal	用打卡机记录下班时间		phrasal	
clock up	wec-phrasal+moby-pos	记录		phrasal	
clog up	wec-phrasal	堵塞; 湮		phrasal	
close down	wec-phrasal+moby-pos	关闭, 歇业, 停止播音		phrasal	
close in	wec-phrasal+moby-pos	包围, 封锁, (白昼)渐短		phrasal	
close in on	wec-phrasal	包围,逼近		phrasal	
close off	wec-phrasal	隔绝, 封锁, 结帐		phrasal	
close on	wec-phrasal	接近		phrasal	
close out	wec-phrasal+moby-pos	抛售, 停止\n[经] 卖完, 停(业务), 卖底货		phrasal	
close the door on	baiango-idiom	拒之门外		idiom	
close up	wec-phrasal	靠拢, 关闭, 愈合, 封死		phrasal	
cloud nine	baiango-idiom+moby-pos	n. <俚>极乐心境, 狂喜状态		idiom	
cloud over	wec-phrasal	布满乌云; 脸色变得阴沉		phrasal	
clown around	wec-phrasal	n. 胡闹		phrasal	
club together	wec-phrasal	合伙凑钱		phrasal	
clutch at straws	baiango-idiom	姑且一试,明知不可为而为之		idiom	
cobble together	wec-phrasal	拼凑		phrasal	
cock up	wec-phrasal	[体]提到		phrasal	
cold feet	baiango-idiom+moby-pos	害怕、胆怯		idiom	
cold shoulder	baiango-idiom+moby-pos	冷淡		idiom	
cold turkey	baiango-idiom+moby-pos	n. 突然完全停止使用毒品		idiom	
colour up	wec-phrasal	羞得脸红		phrasal	
comb out	wec-phrasal+moby-pos	清除, 裁减		phrasal	
come a cropper	baiango-idiom	猛摔一交, 遭到惨败		idiom	
come about	wec-phrasal+moby-pos	发生, 改变方向		phrasal	
come across	wec-phrasal+moby-pos	偶遇		phrasal	
come after	wec-phrasal	跟在...后面		phrasal	
come along	wec-phrasal+moby-pos	出现, 进步\n[电] 伸线器		phrasal	
come apart	wec-phrasal	分开, 分裂		phrasal	
come around	wec-phrasal	来, 前来, 过访, 顺便来访, 笼络, 诱骗		phrasal	
come around to	wec-phrasal	转而接受,重新着手…		phrasal	
come at	wec-phrasal+moby-pos	袭击, 达到, 得到		phrasal	
come away	wec-phrasal+moby-pos	脱开		phrasal	
come back	wec-phrasal	回来, 在记忆中重现, 复辟, 恢复, 回签		phrasal	
come before	wec-phrasal	发生于...之前, 在...之上		phrasal	
come between	wec-phrasal+moby-pos	在...中间, 离间		phrasal	
come by	wec-phrasal+moby-pos	从旁边走过, 得到		phrasal	
come clean	baiango-idiom	全盘招供		idiom	
come down	wec-phrasal	下来, 下跌, 落泊, 流传下来, 捐钱, 反对		phrasal	
come down on	wec-phrasal	惩罚, 索取		phrasal	
come down to	wec-phrasal	流传下来;压缩为,归结为,简化为		phrasal	
come down with	wec-phrasal	被传染上,因…而病倒		phrasal	
come for	wec-phrasal	来接, 来取		phrasal	
come forth	wec-phrasal	出来, 涌现, 被公布		phrasal	
come forward	wec-phrasal+moby-pos	站出来, 自告奋勇, 主动响应		phrasal	
come from	wec-phrasal	来自, 出生于		phrasal	
come full circle	baiango-idiom	兜了个圈回到原地		idiom	
come hell or high water	baiango-idiom	不论有什么困难		idiom	
come in	wec-phrasal+moby-pos	进来, 到达, 流行起来, 当选, 到手\n[建] 利润		phrasal	
come in for	wec-phrasal	遭到, 受到		phrasal	
come into	wec-phrasal+moby-pos	得到, 继承\n[法] 继承		phrasal	
come into use	wec-phrasal	开始被使用		phrasal	
come of	wec-phrasal+moby-pos	出身于, 由...引起		phrasal	
come off	wec-phrasal+moby-pos	发生, 举行, 表现, 结果		phrasal	
come off it	wec-phrasal	不胡诌, 不胡闹		phrasal	
come on	wec-phrasal	偶遇, 进步, 发生, 开始, 出场, 快来		phrasal	
come out	wec-phrasal+moby-pos	到边远地区来, 出现, 露出, 出版, 罢工, 结果是, 褪去, 被解出, 宣布		phrasal	
come out in	wec-phrasal	出		phrasal	
come out in the wash	baiango-idiom	暴露, 真相大白		idiom	
come out of	wec-phrasal	由...产生		phrasal	
come out with	wec-phrasal	发表, 出版, 说出, 提出, 把...投入市场销售		phrasal	
come over	wec-phrasal+moby-pos	过来\n[建] 馏出		phrasal	
come rain or shine	baiango-idiom	风雨无阻, 不管发生什么情况		idiom	
come round	wec-phrasal+moby-pos	顺便来访, 绕道而来, 转向, 改主意, 苏醒, 平息		phrasal	
come through	wec-phrasal+moby-pos	经历...仍活着, 安然度过, 胜利, 表现		phrasal	
come to	wec-phrasal+moby-pos	谈到, 被...继承, 苏醒, 停止		phrasal	
come to grips with	baiango-idiom	与...搏斗		idiom	
come together	wec-phrasal	聚会, 相见; 会面; 汇集		phrasal	
come under	wec-phrasal	归入, 遭受		phrasal	
come up	wec-phrasal+moby-pos	走上前来, 发芽, 发生, 被提到, 流行\n[建] 按照指标达到质量标准		phrasal	
come up against	wec-phrasal	突然碰到		phrasal	
come up to	wec-phrasal	达到, 等于		phrasal	
come up trumps	baiango-idiom	令人满意, 对人有帮助, 慷慨大方, 交好运		idiom	
come up with	wec-phrasal	赶上, 提出		phrasal	
come upon	wec-phrasal+moby-pos	偶遇, 袭击, 要求, 成为...负担		phrasal	
come with	wec-phrasal	伴随…发生, 与…一起供给		phrasal	
complain of	wec-phrasal	抱怨, 抗议		phrasal	
conjure up	wec-phrasal+moby-pos	用魔法使出现		phrasal	
conk out	wec-phrasal+moby-pos	<美>故障, 突然失灵		phrasal	
contend with	wec-phrasal	与（某人）竞争; 与（某事物）抗争，苦于应付; 争执		phrasal	
contract in	wec-phrasal	[法] 保证承担义务		phrasal	
contract out	wec-phrasal+moby-pos	立约把...包出\n[法] 保证不承担义务		phrasal	
cook up	wec-phrasal+moby-pos	伪造, 虚构		phrasal	
cool down	wec-phrasal	变凉, 平静下来\n[建] 冷却		phrasal	
cool off	wec-phrasal	变凉, 平静下来		phrasal	
coop up	wec-phrasal	禁闭, 困住, 把…关起来		phrasal	
cop it	wec-phrasal	挨打, 受伤		phrasal	
cop out	wec-phrasal+moby-pos	被逮住, 避重就轻地认罪, 自首并告密, 失败, 死\n[法] 被逮住, 避重就轻地认罪, 自首并告密		phrasal	
copy out	wec-phrasal	仔细[全部]地抄下…; 誊录; 誊写; 誊		phrasal	
copy to	wec-phrasal	复制到\n[计] 复制到		phrasal	
cordon off	wec-phrasal	用警戒线隔离[阻挡]		phrasal	
cotton on	wec-phrasal+moby-pos	理解		phrasal	
cotton to	wec-phrasal+moby-pos	对...产生好感		phrasal	
couch potato	baiango-idiom	n. 花大量时间看电视的人, 电视迷; 美国人说整天看电视的人是“沙发土豆”		idiom	
cough up	wec-phrasal+moby-pos	咳出, 勉强说出		phrasal	
count against	wec-phrasal+moby-pos	对…不利		phrasal	
count down	wec-phrasal	倒读数, 用倒数方式计算\n[经] 倒数, 递减计算		phrasal	
count for	wec-phrasal	有价值,起作用		phrasal	
count in	wec-phrasal	把...计算在内		phrasal	
count off	wec-phrasal	报数		phrasal	
count on	wec-phrasal+moby-pos	依靠, 指望		phrasal	
count out	wec-phrasal+moby-pos	点数, 拳击中判输		phrasal	
count up	wec-phrasal	把...加起来, 共计		phrasal	
cover for	wec-phrasal	代替		phrasal	
cover up	wec-phrasal	掩盖		phrasal	
cozy up	wec-phrasal	[网络] 奉承；拍马屁		phrasal	
cozy up to	wec-phrasal	奉承		phrasal	
crack down	wec-phrasal+moby-pos	采取严厉措施, 制裁; 打击		phrasal	
crack down on	wec-phrasal	制裁, 镇压		phrasal	
crack on	wec-phrasal	继续疾走		phrasal	
crack up	wec-phrasal+moby-pos	撞坏, 衰退, 吹捧		phrasal	
crank out	wec-phrasal	制成		phrasal	
crank up	wec-phrasal+moby-pos	用曲柄开动, 加快, 做好准备		phrasal	
crawl with	wec-phrasal	爬满…		phrasal	
cream off	wec-phrasal	[化] 撇去乳油		phrasal	
crease up	wec-phrasal	把……弄皱		phrasal	
credit to	wec-phrasal	为…增光的人[事物]		phrasal	
creep in	wec-phrasal	开始发生		phrasal	
creep out	wec-phrasal	偷偷溜出		phrasal	
creep up	wec-phrasal	（数量、价格等）逐渐增长		phrasal	
creep up on	wec-phrasal	不知不觉地来到,潜上…		phrasal	
crocodile tears	baiango-idiom+moby-pos	鳄鱼的眼泪, 假慈悲		idiom	
crop up	wec-phrasal+moby-pos	突然出现		phrasal	
cross off	wec-phrasal	划掉		phrasal	
cross out	wec-phrasal	[经] 注销, 删去		phrasal	
cross over	wec-phrasal	横[越]过（河等）, 穿过（道路、屋子等）; <主英>改变立场; 投诚		phrasal	
cross up	wec-phrasal	反对,阻挠;欺骗,背叛,出卖		phrasal	
crowd in	wec-phrasal	（使）拥[挤]入; 在时间表中挤进, 强安排进		phrasal	
crowd out	wec-phrasal	挤出, 排挤		phrasal	
cry for the moon	baiango-idiom	想做做不到的事		idiom	
cry off	wec-phrasal+moby-pos	取消前言		phrasal	
cry out	wec-phrasal+moby-pos	大声呼喊		phrasal	
cry out for	wec-phrasal	迫切需要		phrasal	
cry over spilt milk	baiango-idiom	作无益的后悔		idiom	
cry wolf	baiango-idiom	发假警报		idiom	
cuddle up	wec-phrasal	蜷缩着睡		phrasal	
curl up	wec-phrasal+moby-pos	卷起		phrasal	
cut across	wec-phrasal+moby-pos	抄近路通过		phrasal	
cut away	wec-phrasal	切掉, 砍掉		phrasal	
cut back	wec-phrasal	修剪, 削减, 急转向, 倒叙		phrasal	
cut back on	wec-phrasal	削减		phrasal	
cut corners	baiango-idiom	抄近路		idiom	
cut down	wec-phrasal+moby-pos	砍倒, 胜过, 削减, 删节\n[机] 切断作业		phrasal	
cut down on	wec-phrasal	减少; 节省		phrasal	
cut from the same cloth	baiango-idiom	一路货		idiom	
cut in	wec-phrasal+moby-pos	插嘴, 插入, 把...插进\n[建] 加入, 插入		phrasal	
cut into	wec-phrasal	打断		phrasal	
cut it out	wec-phrasal	停止,停下来		phrasal	
cut no ice	baiango-idiom	不起作用, 无效		idiom	
cut off	wec-phrasal+moby-pos	切掉, 删去, 切断, 断绝, 中断, 关掉, 使死亡\n[建] 切断, 断流, 切去		phrasal	
cut out	wec-phrasal+moby-pos	切掉, 删掉, 裁剪出, 安排好, 使适合, 停止, 放弃, 取代, 使分离, 突然离开\n[建] 切断, 安全器		phrasal	
cut over	wec-phrasal	采伐; 接入		phrasal	
cut the mustard	baiango-idiom	符合要求		idiom	
cut through	wec-phrasal	抄近路走过, 刺穿		phrasal	
cut up	wec-phrasal+moby-pos	切碎, 抨击, 摧毁, 使伤心, 胡闹		phrasal	
dab off	wec-phrasal	轻轻地擦掉,很快地除去		phrasal	
dally with	wec-phrasal	调戏		phrasal	
damp down	wec-phrasal	封住;给…泼冷水		phrasal	
damp off	wec-phrasal+moby-pos	腐败, 枯萎		phrasal	
dark horse	baiango-idiom+moby-pos	实力难测的竞争者,出人意料的获胜者		idiom	
dash down	wec-phrasal	使劲掷下		phrasal	
dash off	wec-phrasal	匆忙完成		phrasal	
date back	wec-phrasal	回溯至		phrasal	
date back to	wec-phrasal	始于,可以追溯到…		phrasal	
date from	wec-phrasal	始于		phrasal	
dawn on	wec-phrasal	被理解		phrasal	
dead ringer	baiango-idiom	<非正>跟另一人极相像的人		idiom	
deal in	wec-phrasal	[法] 经营, 做买卖		phrasal	
deal out	wec-phrasal	分配, 分给		phrasal	
deal with	wec-phrasal	安排, 处理, 涉及, 做生意		phrasal	
decide against	wec-phrasal	做出不利于…的决定,决定反对,决定不做…		phrasal	
decide on	wec-phrasal	决定,选定,确定…		phrasal	
deck out	wec-phrasal	妆饰；打扮；装扮		phrasal	
declare against	wec-phrasal	v. 表态反对		phrasal	
declare for	wec-phrasal	v. 表明		phrasal	
defer to	wec-phrasal	尊重,遵从,服从		phrasal	
delight in	wec-phrasal	喜爱,以…为乐		phrasal	
deliver up	wec-phrasal	[法] 让与		phrasal	
depart from	wec-phrasal	离开…; 背离，违背		phrasal	
descend from	wec-phrasal	从…下来;是…的后裔		phrasal	
descend on	wec-phrasal	袭击		phrasal	
descend to	wec-phrasal	转而提到		phrasal	
desert island	baiango-idiom+moby-pos	n. 荒岛		idiom	
devil's advocate	baiango-idiom+moby-pos	唱反调的人; 故意唱反调的人		idiom	
dial up	wec-phrasal	以电话线网路来连结其他的电脑系统		phrasal	
die away	wec-phrasal	熄灭, 平息, 消失		phrasal	
die back	wec-phrasal	（植物）枯死但根部还活着; 顶梢枯死		phrasal	
die down	wec-phrasal+moby-pos	枯萎, 凋谢		phrasal	
die off	wec-phrasal	相继死去直至死光, 消亡, 逐个死亡		phrasal	
die out	wec-phrasal+moby-pos	熄灭, 平息, 消失		phrasal	
dig in	wec-phrasal+moby-pos	掘土以掺进		phrasal	
dig into	wec-phrasal	钻研, 掘进去		phrasal	
dig out	wec-phrasal	掘出, 发现		phrasal	
dig up	wec-phrasal	掘起, 挖出, 发现, 开垦		phrasal	
dine in	wec-phrasal	在家吃饭		phrasal	
dine out	wec-phrasal+moby-pos	外出吃饭		phrasal	
dip into	wec-phrasal	浏览, 稍加研究		phrasal	
disagree with	wec-phrasal	不同意, 不一致, 不适合		phrasal	
dish out	wec-phrasal+moby-pos	大量给予或分发		phrasal	
dish up	wec-phrasal+moby-pos	上菜; 提供, 供给		phrasal	
dispense with	wec-phrasal	免除, 省却, 无需		phrasal	
dispose of	wec-phrasal	处理, 安排, 转让, 卖掉, 除掉, 吃光, 解决		phrasal	
dive in	wec-phrasal	跳入,投入,开始		phrasal	
dive into	wec-phrasal	把手伸入, 投入, 钻研		phrasal	
divide into	wec-phrasal	把…划分成,分成		phrasal	
divide up	wec-phrasal	划分,分配,瓜分		phrasal	
divvy up	wec-phrasal	<俚>分掉, 分摊		phrasal	
do away with	wec-phrasal	废除, 弄死		phrasal	
do in	wec-phrasal+moby-pos	杀害; 搞垮; 损坏; 累垮		phrasal	
do over	wec-phrasal+moby-pos	重做		phrasal	
do up	wec-phrasal+moby-pos	修缮, 包扎, 整理		phrasal	
do with	wec-phrasal+moby-pos	与...相处, 忍受, 对付		phrasal	
do without	wec-phrasal+moby-pos	没有...也可以		phrasal	
dole out	wec-phrasal	少量地发放（食物、救济金等）		phrasal	
doll up	wec-phrasal+moby-pos	把…打扮得漂漂亮亮		phrasal	
doss down	wec-phrasal	找个简陋的地方睡觉		phrasal	
double as	wec-phrasal	兼演,兼作…		phrasal	
double back	wec-phrasal+moby-pos	把...对折, 循原路折回		phrasal	
double for	wec-phrasal	替代演出		phrasal	
double over	wec-phrasal	将（某物）叠起来; （使）弯腰		phrasal	
double up	wec-phrasal+moby-pos	把...对折, 弯曲, 同宿一室		phrasal	
down and out	baiango-idiom	穷困潦倒		idiom	
down in the dumps	baiango-idiom	十分沮丧的,颓丧的		idiom	
down to earth	baiango-idiom	直率的		idiom	
down to the wire	baiango-idiom	直到终点,直到最后期限;濒于破产		idiom	
doze off	wec-phrasal	不知不觉地睡着了		phrasal	
drag down	wec-phrasal+moby-pos	拖下去, 把身体拖垮		phrasal	
drag in	wec-phrasal+moby-pos	把...拉进去		phrasal	
drag on	wec-phrasal	拖延		phrasal	
drag out	wec-phrasal	拖延		phrasal	
drag up	wec-phrasal+moby-pos	向上[前]拉; <非正>不必要地提起		phrasal	
drama queen	baiango-idiom	n. someone who makes fuss about nothing; in a histrionic manner; a girl who exaggerates her problems; 大惊小怪		idiom	
draw a blank	baiango-idiom	抽空签		idiom	
draw away	wec-phrasal	拉开, 引开, 离开		phrasal	
draw back	wec-phrasal	收回, 退却, 缩回\n[经] 退钱, 退税		phrasal	
draw down	wec-phrasal	招致,惹起;挣得,领取;消耗,耗尽		phrasal	
draw in	wec-phrasal+moby-pos	收缩, 引诱, 接近黄昏, 紧缩开支		phrasal	
draw off	wec-phrasal+moby-pos	脱去, 撤退		phrasal	
draw on	wec-phrasal+moby-pos	戴上, 吸收, 利用, 向...提取, 引诱, 招致, 临近		phrasal	
draw out	wec-phrasal+moby-pos	拉长, 抽出, 引出, 拟订		phrasal	
draw the line	baiango-idiom	划一界线, 划定最后界限		idiom	
draw up	wec-phrasal+moby-pos	草拟, 停住, 逼近, 拉起, 整队		phrasal	
draw upon	wec-phrasal	[经] 开出		phrasal	
dream away	wec-phrasal	醉生梦死地度过,虚度…		phrasal	
dream of	wec-phrasal	梦见,梦想,向往,渴望		phrasal	
dream up	wec-phrasal+moby-pos	空想出		phrasal	
dredge up	wec-phrasal+moby-pos	挖掘, 疏浚		phrasal	
dress down	wec-phrasal+moby-pos	因某些场合的需要而穿得朴素些; 责骂, 斥责; 训斥		phrasal	
dress up	wec-phrasal+moby-pos	打扮, 装饰		phrasal	
dressed to the nines	baiango-idiom	盛装打扮（美国俚语）		idiom	
drift apart	wec-phrasal	（两者）漂移, 疏远		phrasal	
drift off	wec-phrasal	（人）渐渐离开		phrasal	
drill down	wec-phrasal	vt. 向下钻取数据		phrasal	
drink down	wec-phrasal	借酒消愁, 比酒量使...醉倒		phrasal	
drink in	wec-phrasal	吸收		phrasal	
drink to	wec-phrasal	为...干杯		phrasal	
drink up	wec-phrasal	痛饮, 大口地喝		phrasal	
drive a hard bargain	baiango-idiom	精打细算,设法尽佔便宜,讨价还价		idiom	
drive at	wec-phrasal+moby-pos	意指		phrasal	
drive away	wec-phrasal	驱车离开; 把…驱开, 赶走; 祛		phrasal	
drive back	wec-phrasal	驾车返回, 驱车返回; 迫使后退; 逐退; 却		phrasal	
drive by	wec-phrasal	推动		phrasal	
drive down	wec-phrasal	压低		phrasal	
drive off	wec-phrasal	驾车离去; 驶去; 赶走; 击退		phrasal	
drive out	wec-phrasal	开车出去; 驱逐, 驱散; 撵; 祛除		phrasal	
drive up	wec-phrasal	抬高\n[化] 加速传动		phrasal	
drone on	wec-phrasal	唠唠叨叨地说下去		phrasal	
drop around	wec-phrasal	顺便走访		phrasal	
drop away	wec-phrasal+moby-pos	离开, 散去		phrasal	
drop back	wec-phrasal	退后		phrasal	
drop behind	wec-phrasal	落后, 落伍		phrasal	
drop by	wec-phrasal	随便访问		phrasal	
drop in	wec-phrasal	顺便走访		phrasal	
drop off	wec-phrasal+moby-pos	离开, 散去, 逐渐减少\n[机] 落砂		phrasal	
drop out	wec-phrasal	掉出, 退出, 离队\n[机] 落砂		phrasal	
drop over	wec-phrasal	顺便拜访		phrasal	
drop round	wec-phrasal	串门		phrasal	
drop the ball	baiango-idiom	[体]吊球		idiom	
drop through	wec-phrasal	失败		phrasal	
drown out	wec-phrasal	淹没, 压过		phrasal	
drum out	wec-phrasal+moby-pos	轰走		phrasal	
drum up	wec-phrasal+moby-pos	纠集, 召集, 竭力争取		phrasal	
dry off	wec-phrasal	（使）弄干, （使）变干		phrasal	
dry out	wec-phrasal+moby-pos	（使）变干, （使）干涸; <非正>（使）戒（酒、毒等）; 晾干		phrasal	
dry up	wec-phrasal+moby-pos	干涸, 住口		phrasal	
duck out	wec-phrasal	逃掉,逃走,逃避		phrasal	
dumb down	wec-phrasal	降低…的难度；(尤指对教科书加以)简化：		phrasal	
dump on	wec-phrasal	投放, 欺骗某人		phrasal	
dust off	wec-phrasal	温习,复习		phrasal	
dwell on	wec-phrasal+moby-pos	细想, 详述		phrasal	
dyed in the wool	baiango-idiom	原毛染色的, 彻底的		idiom	
eager beaver	baiango-idiom+moby-pos	工作勤奋的人,干活卖力的人,巴结上司的人,野心勃勃者		idiom	
earth up	wec-phrasal+moby-pos	以土覆盖, 把…埋入土中; 培土; 培		phrasal	
ease off	wec-phrasal	放松, 缓和, 减轻		phrasal	
ease up	wec-phrasal	放慢, 缓和, 减轻		phrasal	
easier said than done	baiango-idiom	说来容易做起来难		idiom	
eat away	wec-phrasal	连续不断地吃; 侵蚀; 腐蚀; 咬坏		phrasal	
eat humble pie	baiango-idiom	忍辱含垢		idiom	
eat in	wec-phrasal	在家吃饭; 在学校就餐		phrasal	
eat into	wec-phrasal	腐蚀, 侵蚀		phrasal	
eat out	wec-phrasal+moby-pos	上馆子吃饭, 锈坏, 过度消耗(牧草等), 责骂		phrasal	
eat up	wec-phrasal+moby-pos	吃光, 耗尽, 吞灭		phrasal	
ebb away	wec-phrasal	消逝, 渐渐衰退		phrasal	
edge out	wec-phrasal	挤掉		phrasal	
edge up	wec-phrasal	慢慢向上边靠拢		phrasal	
edit out	wec-phrasal	编辑中删除		phrasal	
egg on	wec-phrasal	vt. 鼓动, 怂恿; 撺掇; 撺弄; 鼓捣		phrasal	
eke out	wec-phrasal+moby-pos	弥补...的不足, 竭力维持		phrasal	
elbow grease	baiango-idiom+moby-pos	使劲地擦磨;耗费体力的工作		idiom	
embark on	wec-phrasal	从事, 着手		phrasal	
empty out	wec-phrasal	倾倒,倒出来		phrasal	
end in	wec-phrasal	以...为结果		phrasal	
end up	wec-phrasal+moby-pos	竖着, 结束, 死		phrasal	
end up with	wec-phrasal	以…作为结局,以…而告终		phrasal	
end with	wec-phrasal	以…结束		phrasal	
endow with	wec-phrasal	赋予		phrasal	
engage in	wec-phrasal	使从事于, 参加		phrasal	
engage with	wec-phrasal	交战		phrasal	
enlarge on	wec-phrasal	详述		phrasal	
enter for	wec-phrasal	报名参加,加入…		phrasal	
enter into	wec-phrasal+moby-pos	进入, 参加, 成为...一部分, 讨论, 研讨, 体谅, 分享\n[法] 进入, 参加, 缔结		phrasal	
enter on	wec-phrasal	正式开始, 着手, 开始考虑, 占有		phrasal	
even out	wec-phrasal+moby-pos	使平坦		phrasal	
even up	wec-phrasal+moby-pos	（使）相等; 匀; 取齐; 找齐		phrasal	
every dog has his day	baiango-idiom	人皆有得意时		idiom	
every dog has its day	baiango-idiom	人人都有得意之日		idiom	
explain away	wec-phrasal+moby-pos	通过解释消除		phrasal	
face about	wec-phrasal	转过身, 改主意		phrasal	
face down	wec-phrasal	压倒, 降服		phrasal	
face off	wec-phrasal	和...对抗, (冰球赛中)开球, 把...坚持到底		phrasal	
face the music	baiango-idiom	勇于承担责任, 临危不惧		idiom	
face up to	wec-phrasal	勇敢地面对		phrasal	
factor in	wec-phrasal	包括, 把…计算在内		phrasal	
factor out	wec-phrasal	提出撰因子		phrasal	
fade away	wec-phrasal	逐渐消失		phrasal	
fade in	wec-phrasal	(使)淡入, (使)渐显\n[电] 化入, 渐强		phrasal	
fade out	wec-phrasal	淡出, 渐弱\n[电] 化出, 渐弱		phrasal	
faff about	wec-phrasal	耽误时间, 瞎忙活		phrasal	
fake out	wec-phrasal	捉弄, 欺骗		phrasal	
fall about	wec-phrasal+moby-pos	禁不住笑		phrasal	
fall apart	wec-phrasal	崩溃, 土崩瓦解		phrasal	
fall away	wec-phrasal+moby-pos	消瘦, 背离, 离开, 消失, 倾斜		phrasal	
fall back	wec-phrasal+moby-pos	后退, 退却\n[计] 回落		phrasal	
fall back on	wec-phrasal	求助于, 退到, 回头再说		phrasal	
fall behind	wec-phrasal+moby-pos	落在后面, 拖欠		phrasal	
fall down	wec-phrasal+moby-pos	倒塌, 跌倒; 失败; 趴架; 栽倒		phrasal	
fall for	wec-phrasal+moby-pos	上当, 听信; 爱上		phrasal	
fall in	wec-phrasal+moby-pos	集合, 倒塌, 到期\n[法] 同意, 到期, 期满		phrasal	
fall in with	wec-phrasal	偶遇, 同意		phrasal	
fall into	wec-phrasal	落入, 陷于, 开始, 分成, 属于, 注入		phrasal	
fall off	wec-phrasal+moby-pos	从...跌下, 下降, 减少, 衰退, 离开		phrasal	
fall on	wec-phrasal+moby-pos	落在…之上;攻击,袭击		phrasal	
fall on deaf ears	baiango-idiom	没有被听取		idiom	
fall out	wec-phrasal	脱落, 离队, 争吵, 结果是\n[化] 落下; 脱落; 散落物; 核爆炸散落物; 沉降物; 落下灰		phrasal	
fall over	wec-phrasal+moby-pos	被…绊倒; 意外地从…上跌落; 落在…之外; 迫不及待做某事		phrasal	
fall through	wec-phrasal+moby-pos	失败, 失约		phrasal	
fall to	wec-phrasal+moby-pos	着手干, 开始进食		phrasal	
fall under	wec-phrasal	受到, 被归入		phrasal	
fan out	wec-phrasal	（使）分散, 展开		phrasal	
farm out	wec-phrasal+moby-pos	[经] 部份转让, 出让		phrasal	
fast food	baiango-idiom	n. 速食; 快餐		idiom	
fasten down	wec-phrasal	扎紧,扎牢,钉牢;确定,使下定决心		phrasal	
fasten on	wec-phrasal	把...强加于, 纠缠, 集中于		phrasal	
fasten onto	wec-phrasal	纠缠,紧抓不放,牢牢地固定在…		phrasal	
fasten up	wec-phrasal	拴紧,钉紧,扎牢		phrasal	
fathom out	wec-phrasal	计算出,推算出		phrasal	
fatten up	wec-phrasal	使肥胖; 长膘		phrasal	
fawn on	wec-phrasal	奉承, 拍马		phrasal	
fear for	wec-phrasal	为…而担心		phrasal	
feed off	wec-phrasal	从…取食,以…作为食物来源		phrasal	
feed on	wec-phrasal	以...为食, 以...为能源		phrasal	
feed up	wec-phrasal	养肥		phrasal	
feel for	wec-phrasal	摸索, 同情		phrasal	
feel out	wec-phrasal	试探出...的意见		phrasal	
feel under the weather	baiango-idiom	不舒服, 有点小病, 微恙, 不愉快		idiom	
feel up	wec-phrasal	对妇女动手动脚		phrasal	
feel up to	wec-phrasal	觉得能担当		phrasal	
fence in	wec-phrasal	用栅栏把…围起来; 包围; 围困; 限制		phrasal	
fence off	wec-phrasal	用篱笆围隔开;挡开,避开		phrasal	
fend for	wec-phrasal	抚养		phrasal	
fend off	wec-phrasal	挡开		phrasal	
ferret out	wec-phrasal	搜出\n[法] 查获		phrasal	
fess up	wec-phrasal	n. 承认		phrasal	
fetch up	wec-phrasal+moby-pos	使停止, 引起, 回想起, 弥补, 到达, 呕吐		phrasal	
few and far between	baiango-idiom	稀少		idiom	
fiddle about	wec-phrasal	鬼混,虚度光阴		phrasal	
fiddle around	wec-phrasal	虚度光阴, 鬼混		phrasal	
fiddle away	wec-phrasal	浪费		phrasal	
fight back	wec-phrasal	抵抗, 回击		phrasal	
fight down	wec-phrasal	克服		phrasal	
fight it out	wec-phrasal	决一雌雄		phrasal	
fight off	wec-phrasal+moby-pos	击退, 排斥, 避免		phrasal	
fight out	wec-phrasal	以斗争解决		phrasal	
fight tooth and nail	baiango-idiom	猛烈作战		idiom	
figure on	wec-phrasal+moby-pos	信赖, 指望, 计划, 打算		phrasal	
figure out	wec-phrasal+moby-pos	合计为, 计算出, 明白		phrasal	
file away	wec-phrasal	存档（备查）; 锉掉; 锉削		phrasal	
file for	wec-phrasal	申请,报名参加		phrasal	
fill in	wec-phrasal+moby-pos	填充, 填写, 填满, 替代		phrasal	
fill in for	wec-phrasal	临时代替		phrasal	
fill out	wec-phrasal+moby-pos	填写, 使长大, 变大, 使长胖, 使完备		phrasal	
fill up	wec-phrasal+moby-pos	填补, 装满, 装满油\n[计] 向上填充		phrasal	
film over	wec-phrasal	（使）变朦胧		phrasal	
filter out	wec-phrasal+moby-pos	[化] 滤出		phrasal	
find for	wec-phrasal	判决有利于…		phrasal	
find out	wec-phrasal	找出, 发现, 想出, 揭发		phrasal	
finish off	wec-phrasal	结束, 完成, 干掉		phrasal	
finish up	wec-phrasal	结束, 完成, 用光		phrasal	
finish up with	wec-phrasal	以...结束		phrasal	
finish with	wec-phrasal	完成, 结束, 与...断绝关系		phrasal	
fink out	wec-phrasal+moby-pos	打退堂鼓, 食言		phrasal	
fire away	wec-phrasal+moby-pos	开枪, 把(弹药)打光, 开始讲		phrasal	
fire off	wec-phrasal	开火,发射;接连发问		phrasal	
fire up	wec-phrasal	生火, 突然发怒		phrasal	
firm up	wec-phrasal	（使）更结实; （使）更坚硬; 把…安排得更稳妥; 使稳定		phrasal	
fish for	wec-phrasal	摸索寻找		phrasal	
fish out	wec-phrasal+moby-pos	捞出, 摸索出, 捕尽鱼		phrasal	
fit as a fiddle	baiango-idiom	非常健康		idiom	
fit in	wec-phrasal+moby-pos	有地方容纳; 有时间从事（某事）; 有时间接待（某人）; 相处融洽		phrasal	
fit in with	wec-phrasal	适合, 适应, 与...一致		phrasal	
fit into	wec-phrasal	适合		phrasal	
fit out	wec-phrasal+moby-pos	装备, 配备		phrasal	
fit together	wec-phrasal	装配,协调		phrasal	
fit up	wec-phrasal+moby-pos	放置好; 装备必需品; 给（某人）安排住处; 给（某人）硬套罪名		phrasal	
fits and starts	baiango-idiom	间歇的\n断断续续的		idiom	
fix on	wec-phrasal	确定, 决定		phrasal	
fix up	wec-phrasal+moby-pos	修理好, 安排好		phrasal	
fizzle out	wec-phrasal	终于失败		phrasal	
flag down	wec-phrasal	打信号使停下		phrasal	
flake off	wec-phrasal	剥落		phrasal	
flake out	wec-phrasal+moby-pos	入睡, 昏过去, 昏迷, 昏倒		phrasal	
flame out	wec-phrasal	突然失灵, 突然冒火焰		phrasal	
flame up	wec-phrasal	爆发		phrasal	
flare out	wec-phrasal	发出…亮光; 使向外逐渐展开		phrasal	
flare up	wec-phrasal	突然起燃, 突然燃烧, 突然发作/加剧, 突然发怒		phrasal	
flash back	wec-phrasal	反射, 反照, 倒叙\n[化] 回烧		phrasal	
flash in the pan	baiango-idiom	[体]昙花一现人物		idiom	
flash on	wec-phrasal	立刻理解,马上体会出;闪亮,闪烁;感到恍恍忽忽		phrasal	
flatten out	wec-phrasal	变平, 转为水平飞行		phrasal	
flesh and blood	baiango-idiom+moby-pos	肉体, 情欲, 人类, 现实		idiom	
flesh out	wec-phrasal	充实, 使有血有肉		phrasal	
flick through	wec-phrasal	浏览,翻阅		phrasal	
fling off	wec-phrasal	发出, 使摔倒		phrasal	
fling on	wec-phrasal	匆匆披上		phrasal	
flip off	wec-phrasal	撢去,拂去,轻轻擦去		phrasal	
flip out	wec-phrasal	精神失常, 发疯		phrasal	
flip over	wec-phrasal	突然翻转		phrasal	
flip through	wec-phrasal	浏览,翻阅		phrasal	
flirt with	wec-phrasal	[法] 调戏, 调情, 卖俏		phrasal	
float around	wec-phrasal	飘落; 广为流传; <非正>在…有; 经常换工作		phrasal	
flood out	wec-phrasal	（洪水）迫使离开（家园）, 淹没		phrasal	
flounce out	wec-phrasal	突然离开		phrasal	
flow from	wec-phrasal	从…流出; 起因于…, 产生于…		phrasal	
fluff up	wec-phrasal	翻松		phrasal	
flunk out	wec-phrasal	(因不及格使...)退学		phrasal	
flush out	wec-phrasal	冲洗		phrasal	
fly around	wec-phrasal	<美口>飞来飞去，急匆匆地走		phrasal	
fly at	wec-phrasal	扑向, 猛烈攻击		phrasal	
fly by	wec-phrasal	飞过; 迅速过去		phrasal	
fly high	baiango-idiom	有雄心大志, 情绪高涨		idiom	
fly into	wec-phrasal	突发		phrasal	
fly off the handle	baiango-idiom	冒火, 勃然大怒		idiom	
fob off	wec-phrasal+moby-pos	搪塞, （用诡计、借口）把…对付掉		phrasal	
focus on	wec-phrasal	致力于; 使聚焦于; 对（某事或做某事）予以注意; 把…作为兴趣中心		phrasal	
foist on	wec-phrasal	把...强加于, 把...塞给		phrasal	
fold in	wec-phrasal	把…加进搅拌;把…折叠进		phrasal	
fold up	wec-phrasal+moby-pos	塌下, 垮掉, 放弃, 撒手, 倒闭		phrasal	
follow on	wec-phrasal	继续下去		phrasal	
follow through	wec-phrasal+moby-pos	坚持到底		phrasal	
follow up	wec-phrasal+moby-pos	穷追, 把...探究到底\n[法] 追查, 追问, 追究		phrasal	
food for thought	baiango-idiom	值得思索的问题,耐人寻味的道理		idiom	
fool about	wec-phrasal	闲荡, 玩弄		phrasal	
fool around	wec-phrasal	闲荡, 干蠢事, 干无用的事, 干琐屑的事		phrasal	
fool with	wec-phrasal	摆弄,捣鼓,瞎闹,玩弄…		phrasal	
fool's gold	baiango-idiom+moby-pos	<美>黄铁矿，黄铜矿		idiom	
for a song	baiango-idiom	非常便宜地		idiom	
for all intents and purposes	baiango-idiom	总而言之		idiom	
for good measure	baiango-idiom	作为额外增添, 另外		idiom	
force back	wec-phrasal	抑制, 强忍		phrasal	
force up	wec-phrasal	迫使提高		phrasal	
forge ahead	wec-phrasal	迅勐发展,突飞勐进,稳步发展		phrasal	
fork out	wec-phrasal+moby-pos	支付, 放弃		phrasal	
form up	wec-phrasal	排好队列		phrasal	
forty winks	baiango-idiom+moby-pos	打盹,小睡		idiom	
foul up	wec-phrasal+moby-pos	弄脏, 污染, 搞糟		phrasal	
freak out	wec-phrasal+moby-pos	(使)极度兴奋, 焦虑不安		phrasal	
free up	wec-phrasal	开放 （市场、经济或体制）; 释放		phrasal	
freeze out	wec-phrasal+moby-pos	（用竞争等）排斥		phrasal	
freeze over	wec-phrasal	使被冰覆盖		phrasal	
freeze up	wec-phrasal	冻结, 变呆板\n[经] 冻结		phrasal	
freshen up	wec-phrasal	(使)精神饱满, 梳洗一番		phrasal	
frighten away	wec-phrasal	吓跑, 吓走		phrasal	
frighten off	wec-phrasal	吓走（某人）		phrasal	
fritter away	wec-phrasal	消磨		phrasal	
frost over	wec-phrasal	用霜复盖, 起霜, 结霜		phrasal	
frown on	wec-phrasal	以蹙额或蹙眉而露出不悦之色; 不赞成; 不同意; 不许可		phrasal	
frown upon	wec-phrasal	蹙眉而露出不悦之色, 表示不赞成; 看不惯		phrasal	
fuck around	wec-phrasal	胡闹, 摆弄; 瞎摆弄		phrasal	
fuck off	wec-phrasal	走开, 滚; 滚开		phrasal	
fuck up	wec-phrasal+moby-pos	弄糟, 毁坏		phrasal	
fuel up	wec-phrasal	加燃料;吃东西,填饱肚子		phrasal	
full of beans	baiango-idiom	精神旺盛的, 弄错的		idiom	
full steam ahead	baiango-idiom	开足马力,加油,全速前进		idiom	
fur up	wec-phrasal	生垢,结水碱		phrasal	
fuss over	wec-phrasal	对…感到焦虑,担心…		phrasal	
gad about	wec-phrasal	游荡, 闲荡		phrasal	
gad around	wec-phrasal	=gad about		phrasal	
gain on	wec-phrasal	逼近, 超过, 侵蚀		phrasal	
gamble away	wec-phrasal	赌光		phrasal	
gang up	wec-phrasal+moby-pos	聚集, 结成一伙		phrasal	
gang up against	wec-phrasal	联合攻击		phrasal	
gang up on	wec-phrasal	联合对付		phrasal	
gasp out	wec-phrasal	气喘吁吁地说,上气不接下气地说		phrasal	
gather in	wec-phrasal	聚拢; 收; 收贮; 打折褶		phrasal	
gather up	wec-phrasal	收集起, 蜷曲, 概括		phrasal	
gear to	wec-phrasal	使适合		phrasal	
gear up	wec-phrasal+moby-pos	使换快档, 促进, 增加		phrasal	
gee up	wec-phrasal	（用以吆喝马起行或快走）叽驾; 快跑; 激励; 快！（要马向前跑或快跑的吆喝）		phrasal	
get about	wec-phrasal+moby-pos	走动, 旅行, 传开, 积极参加社会活动		phrasal	
get across	wec-phrasal+moby-pos	通过, 被理解		phrasal	
get after	wec-phrasal	追击, 追捕, 攻击, 训斥		phrasal	
get ahead	wec-phrasal+moby-pos	领先, 走在前面, 进步, 获得成功		phrasal	
get ahead of	wec-phrasal	胜过, 超过		phrasal	
get along	wec-phrasal+moby-pos	生活, 融洽相处		phrasal	
get along with	wec-phrasal	进展, 走开		phrasal	
get around	wec-phrasal+moby-pos	病后能够走动, (非正式)旅行, 传开来		phrasal	
get around to	wec-phrasal	设法找到足够的时间去做（某事）; 说服		phrasal	
get at	wec-phrasal+moby-pos	得到; 找到; 责备; 暗示		phrasal	
get away	wec-phrasal+moby-pos	离开, 逃脱, 起跑, 出发		phrasal	
get away from	wec-phrasal	离开,摆脱,脱离		phrasal	
get away with	wec-phrasal	na. 拿走；避开责备[惩罚]；〈俚〉卷(款)潜逃；吃掉，喝掉		phrasal	
get back	wec-phrasal+moby-pos	回来, 恢复, 送回, 重新上台		phrasal	
get back at	wec-phrasal	报复,对…进行报复		phrasal	
get back to	wec-phrasal	回到…,继续…		phrasal	
get behind	wec-phrasal	落后, 支持, 拖欠, 识破		phrasal	
get by	wec-phrasal+moby-pos	通过, 混过		phrasal	
get down	wec-phrasal+moby-pos	下来, 吞下, 写下, 使沮丧		phrasal	
get down on	wec-phrasal	开始不喜欢		phrasal	
get down to	wec-phrasal	开始认真考虑		phrasal	
get down to brass tacks	baiango-idiom	讨论重要问题,触及问题实质		idiom	
get in	wec-phrasal+moby-pos	进入, 到达, 收获, 插入, 陷入		phrasal	
get in on	wec-phrasal	参加,参与,干预		phrasal	
get into	wec-phrasal+moby-pos	进入, 陷入, 穿上		phrasal	
get it	wec-phrasal	了解, 懂得		phrasal	
get it on	wec-phrasal	<美俚>兴奋, 激动		phrasal	
get off	wec-phrasal+moby-pos	下来, 脱下, 出发, 动身, 开始, 被容忍		phrasal	
get off it	wec-phrasal	别胡扯了,别装模作样了		phrasal	
get on	wec-phrasal+moby-pos	生活, 融洽相处, 进展, 穿上, 上去, 使前进		phrasal	
get on for	wec-phrasal	接近		phrasal	
get on with	wec-phrasal	继续（干某事）; 和…友好相处		phrasal	
get onto	wec-phrasal+moby-pos	识破; 给…讲; 乘（飞机、汽车等）; 着手谈及		phrasal	
get out	wec-phrasal	出去, 离开, 逃脱, 摆脱, 泄露, 说出, 出版, 弄出来		phrasal	
get out of	wec-phrasal	离开,摆脱		phrasal	
get over	wec-phrasal+moby-pos	爬过, 克服, 熬过, 恢复, 原谅		phrasal	
get round	wec-phrasal+moby-pos	避免, 说服, 走动, 传开来		phrasal	
get round to	wec-phrasal	设法找到足够的时间去做（某事）; 说服		phrasal	
get the ball rolling	baiango-idiom	开个头,使开始,使展开		idiom	
get through	wec-phrasal+moby-pos	做完, 通过, 度过		phrasal	
get through to	wec-phrasal	打通…电话;使自己被…理解,把自己的意思对…讲明白		phrasal	
get to	wec-phrasal	到达, 接触到, 开始, 对...有影响		phrasal	
get together	wec-phrasal	聚集, 收集, 积累		phrasal	
get up	wec-phrasal+moby-pos	(使)起床, (使)起立, (使)爬上		phrasal	
get up to	wec-phrasal	到达,赶上;学到,读到;从事,干		phrasal	
get wind of	baiango-idiom	得到...的风声		idiom	
ginger up	wec-phrasal+moby-pos	使更有生气, 使更为奋发		phrasal	
give away	wec-phrasal+moby-pos	分发, 放弃, 泄露, 出卖, 丧失		phrasal	
give back	wec-phrasal	归还, 恢复, 后退		phrasal	
give in	wec-phrasal+moby-pos	屈服, 让步, 交上		phrasal	
give of	wec-phrasal	奉献, 贡献		phrasal	
give off	wec-phrasal+moby-pos	发出		phrasal	
give out	wec-phrasal+moby-pos	分发, 发出, 发表, 用尽, 精疲力竭		phrasal	
give over	wec-phrasal+moby-pos	交(托), 停止, 留出, 把...留作特定用途, 放弃		phrasal	
give up	wec-phrasal+moby-pos	放弃, 停止, 献出, 抛弃, 认输, 把...送交\n[法] 放弃, 停止, 把...送交		phrasal	
give up on	wec-phrasal	不再相信，不再信任		phrasal	
give up to	wec-phrasal	陷入		phrasal	
give way	wec-phrasal	撤退, 让路, 退让, 屈服, 倒塌, 跌价, 垮掉\n[经] (股票)下跌		phrasal	
give way to	wec-phrasal	向…屈服,让位于,为…所代替		phrasal	
glance off	wec-phrasal	擦过		phrasal	
gloss over	wec-phrasal	掩盖		phrasal	
gnaw at	wec-phrasal	啃, 咬, 侵蚀		phrasal	
go about	wec-phrasal+moby-pos	从事, 走动, 传开		phrasal	
go across	wec-phrasal	穿过, 横过		phrasal	
go after	wec-phrasal	追逐, 追求		phrasal	
go against	wec-phrasal+moby-pos	反对, 违反, 不利于		phrasal	
go ahead	wec-phrasal+moby-pos	前进		phrasal	
go ahead with	wec-phrasal	继续进行		phrasal	
go along	wec-phrasal+moby-pos	前进, 进行		phrasal	
go along with	wec-phrasal	陪...一起去, 赞同, 附和		phrasal	
go around	wec-phrasal+moby-pos	参观; 转动; 走访; 相处		phrasal	
go at	wec-phrasal+moby-pos	扑向, 着手干		phrasal	
go away	wec-phrasal+moby-pos	走开		phrasal	
go back	wec-phrasal+moby-pos	回去, 追溯		phrasal	
go back on	wec-phrasal	违约, 背弃		phrasal	
go back to	wec-phrasal	回去		phrasal	
go before	wec-phrasal	时间上居先		phrasal	
go below	wec-phrasal	下舱;下班		phrasal	
go beyond	wec-phrasal	超出		phrasal	
go by	wec-phrasal+moby-pos	走过, 依照, 顺便走访		phrasal	
go down	wec-phrasal+moby-pos	下去, 下沉, 坠落, 被接受, 咽下, 平静下来, 下降, 传下去		phrasal	
go down on	wec-phrasal	（粗俚）口交		phrasal	
go down to	wec-phrasal	延续至		phrasal	
go down with	wec-phrasal	因…而病倒,患…		phrasal	
go for	wec-phrasal+moby-pos	去找, 努力获取, 被认为, 主张, 拥护		phrasal	
go for broke	baiango-idiom	全力以赴		idiom	
go for it	wec-phrasal	放手向前，努力争取		phrasal	
go forth	wec-phrasal+moby-pos	向前去, 被发表		phrasal	
go forward	wec-phrasal	前进, 发生		phrasal	
go in	wec-phrasal+moby-pos	走进, 放得进, 参加		phrasal	
go in for	wec-phrasal	参加, 追求, 从事, 赞成		phrasal	
go in with	wec-phrasal	与…合伙,与…分担费用,参加		phrasal	
go into	wec-phrasal+moby-pos	进入, 加入, 探究, 变得, 进入...状态\n[法] 调查, 探讨, 进入		phrasal	
go it	wec-phrasal	做神, 俨然以神自居		phrasal	
go it alone	wec-phrasal	单干\n[经] 妄自独行		phrasal	
go off	wec-phrasal+moby-pos	离开, 去世, 消失, 爆炸, 被发射, 变质, 进行, 睡去, 卖掉		phrasal	
go off with	wec-phrasal	拿去, 抢走		phrasal	
go on	wec-phrasal+moby-pos	继续下去, 过去, 发生, 进行, 接近, (演员)上, (运动员)上场, 依靠, 依据, 责骂\n[电] 继续		phrasal	
go on to	wec-phrasal	转入		phrasal	
go on with	wec-phrasal	暂时使用		phrasal	
go out	wec-phrasal+moby-pos	出去, 熄灭, 过时, 辞职, 倒塌, 罢工		phrasal	
go out for	wec-phrasal	努力争取,力争		phrasal	
go out of	wec-phrasal	从…出来，离开		phrasal	
go over	wec-phrasal+moby-pos	转变, 仔细检查, 润色, 复习		phrasal	
go past	wec-phrasal	经过；路过		phrasal	
go round	wec-phrasal	到处走动, 顺便去, 流传		phrasal	
go through	wec-phrasal+moby-pos	经历, 经受, 仔细检查, 搜查, 参加, 履行, 被通过, 用完		phrasal	
go through with	wec-phrasal	完成		phrasal	
go to	wec-phrasal+moby-pos	[计] 转到, 定位		phrasal	
go together	wec-phrasal+moby-pos	互相协调, 相配, 恋爱		phrasal	
go under	wec-phrasal+moby-pos	死, 失败, 屈服, 破产		phrasal	
go up	wec-phrasal+moby-pos	上升, 兴建		phrasal	
go up to	wec-phrasal	入…， 进…		phrasal	
go with	wec-phrasal+moby-pos	伴随, 与...相配		phrasal	
go with the flow	baiango-idiom	（非正式）顺应潮流，随波逐流，随大溜		idiom	
go without	wec-phrasal+moby-pos	没有也行		phrasal	
gobble up	wec-phrasal	吞噬；嘬；吞并；并吞		phrasal	
good samaritan	baiango-idiom	n. 乐善好施者		idiom	
goof around	wec-phrasal	消磨时间；随便玩玩		phrasal	
goof off	wec-phrasal	闲荡, 混日子		phrasal	
goof on	wec-phrasal	戏弄, 开玩笑; 欺骗		phrasal	
goof up	wec-phrasal	把...弄糟, 搞坏..., 出大错		phrasal	
gouge out	wec-phrasal	凿槽; 剜		phrasal	
grab at	wec-phrasal	抓住,攫取,伸手去抓		phrasal	
grapple with	wec-phrasal	扭打, 抓住		phrasal	
grasp at	wec-phrasal	想抓住, 攫取		phrasal	
grasp the nettle	baiango-idiom	迎着困难上		idiom	
grass on	wec-phrasal	告发,出卖		phrasal	
grass over	wec-phrasal	[网络] 草地		phrasal	
green light	baiango-idiom+moby-pos	绿灯, 放行, 准许		idiom	
green thumb	baiango-idiom+moby-pos	n. 有特殊园艺才能		idiom	
green with envy	baiango-idiom	非常嫉妒的		idiom	
grind away	wec-phrasal	把…碾成粉末; 磨损, 用坏…; 苦干[学]; 反复不断地干		phrasal	
grind away at	wec-phrasal	苦干,苦学,孜孜不倦地学		phrasal	
grind down	wec-phrasal	用磨等磨碎; 用牙嚼碎; 压迫; 折磨		phrasal	
grind on	wec-phrasal+moby-pos	坚定地、无情地向前移动		phrasal	
grind out	wec-phrasal	用功做出		phrasal	
gross out	wec-phrasal	惹人讨厌；冒犯		phrasal	
grow away from	wec-phrasal	脱离,与…格格不入		phrasal	
grow back	wec-phrasal	重新长出		phrasal	
grow from	wec-phrasal	从…长出,出自…,产生于…		phrasal	
grow into	wec-phrasal+moby-pos	长成,发展成为		phrasal	
grow on	wec-phrasal+moby-pos	引起...爱好, 加深影响		phrasal	
grow out	wec-phrasal	长出来,向外增大,膨胀		phrasal	
grow out of	wec-phrasal+moby-pos	长得与...不相称, 因长大而丢弃		phrasal	
grow up	wec-phrasal+moby-pos	成熟, 成年, 发展, 逐渐形成		phrasal	
grub up	wec-phrasal	连根掘出		phrasal	
guard against	wec-phrasal	预防,使提防		phrasal	
gulp back	wec-phrasal	咽回去,忍住		phrasal	
gulp down	wec-phrasal	一口吞下,狼吞虎咽地吃		phrasal	
gum up	wec-phrasal+moby-pos	搞乱, 使出毛病		phrasal	
gun down	wec-phrasal	用枪击伤, 枪杀		phrasal	
gun for	wec-phrasal+moby-pos	开展运动支持, 持枪搜捕, 伺机攻击		phrasal	
gussy up	wec-phrasal	n. 打扮, 美化		phrasal	
hack around	wec-phrasal	闲逛, 虚度光阴		phrasal	
hail from	wec-phrasal	来自		phrasal	
hammer into	wec-phrasal	敲入.钉入…		phrasal	
hammer out	wec-phrasal+moby-pos	锤成, 铲平, 设计出		phrasal	
hand back	wec-phrasal	交还		phrasal	
hand down	wec-phrasal+moby-pos	把...往下递, 传下来, 宣布\n[法] 宣布, 传递, 传给		phrasal	
hand in	wec-phrasal+moby-pos	交上\n[法] 缴纳, 上交		phrasal	
hand on	wec-phrasal+moby-pos	把...传下去, 传递下去, 发放		phrasal	
hand out	wec-phrasal	把...拿出来, 分发, 施舍		phrasal	
hand over	wec-phrasal+moby-pos	移交		phrasal	
hang about	wec-phrasal+moby-pos	闲荡		phrasal	
hang around	wec-phrasal	闲荡, 闲逛, 转悠, 观望, 等待, 聚在...临近, 缠(人), 与...泡在一起		phrasal	
hang back	wec-phrasal+moby-pos	挂回, 却步, 犹豫		phrasal	
hang in there	wec-phrasal+baiango-idiom	坚持到底,硬挺下去		idiom	
hang on	wec-phrasal+moby-pos	坚持, 不挂断, 靠着, 渴望, 有赖于		phrasal	
hang out	wec-phrasal+moby-pos	挂出		phrasal	
hang over	wec-phrasal	挂在...上, 伸出, 笼罩, 威胁, 被遗留下		phrasal	
hang together	wec-phrasal+moby-pos	结合在一起, 符合		phrasal	
hang up	wec-phrasal+moby-pos	挂断, 拖延, 把...挂起来\n[经] 抵押, 赊帐		phrasal	
hang up on	wec-phrasal	嗜爱,迷恋上,一心想…;因…而神情不安		phrasal	
hanker after	wec-phrasal	追求,渴望,一心想…		phrasal	
happen along	wec-phrasal	碰巧出现,正好到来		phrasal	
happen on	wec-phrasal+moby-pos	偶然遇见,碰到		phrasal	
happen to	wec-phrasal	碰巧,偶然;发生于		phrasal	
hark at	wec-phrasal	听,听听…吧!		phrasal	
hark back to	wec-phrasal	回溯到,追溯到,引用		phrasal	
hash out	wec-phrasal	vt. 具体讨论		phrasal	
hash up	wec-phrasal	把…搞糟;复活,重新开始		phrasal	
haul in	wec-phrasal	把带上来		phrasal	
haul off	wec-phrasal+moby-pos	退却, 撤退		phrasal	
have it away	wec-phrasal	<俚>（同某人）乱搞男女关系, 私通		phrasal	
have it off	wec-phrasal	<俚>（同某人）乱搞男女关系, 私通		phrasal	
have it out with	wec-phrasal	与…把事情讲明白		phrasal	
have on	wec-phrasal+moby-pos	穿着, 戴着, 在手头, 使上钩		phrasal	
have the blues	baiango-idiom	闷闷不乐		idiom	
head for	wec-phrasal+moby-pos	出发, 动身, 前往		phrasal	
head off	wec-phrasal+moby-pos	阻止, 拦截		phrasal	
head out	wec-phrasal	离去，出发，启程		phrasal	
head up	wec-phrasal	加盖子于		phrasal	
heal over	wec-phrasal	(伤口)愈合, 痊愈		phrasal	
heal up	wec-phrasal	愈合		phrasal	
heap up	wec-phrasal	堆积[大量积累]（某物）; 促使（不好的事情）发生; 堆叠		phrasal	
hear about	wec-phrasal	听说,听到过		phrasal	
hear from	wec-phrasal	接到...的信, 受...批评		phrasal	
hear of	wec-phrasal	听说		phrasal	
hear out	wec-phrasal+moby-pos	听完		phrasal	
heat up	wec-phrasal	变热; 加[煮]热…; 沸腾, 使变得激烈; 馏		phrasal	
heave to	wec-phrasal+moby-pos	使（船）顶风停航, （船）停航		phrasal	
heave up	wec-phrasal	上升; 用力托起[提起]; 呕吐; 恶心		phrasal	
hedge in	wec-phrasal	把…用树篱围起来; 限制, 束缚		phrasal	
help out	wec-phrasal+moby-pos	帮助, 帮助…出来		phrasal	
hem in	wec-phrasal	包围		phrasal	
herd together	wec-phrasal	成群		phrasal	
hew to	wec-phrasal	遵守, 坚持		phrasal	
hide away	wec-phrasal	隐藏; 避匿; 掩隐; 昧		phrasal	
hide out	wec-phrasal	躲藏		phrasal	
hike up	wec-phrasal	飘起		phrasal	
hinge on	wec-phrasal	靠...转动, 以...为转移		phrasal	
hinge upon	wec-phrasal	vi. 随……而定		phrasal	
hire out	wec-phrasal	出租; 受雇; 贳		phrasal	
hit back	wec-phrasal	反击,击退		phrasal	
hit it off	wec-phrasal	合得来		phrasal	
hit it off with	wec-phrasal	关系融洽, 相处得好, 合得来		phrasal	
hit on	wec-phrasal+moby-pos	忽然想到,碰巧遇见,到达		phrasal	
hit out	wec-phrasal+moby-pos	猛打		phrasal	
hit out at	wec-phrasal	向…扑去,勐烈攻击		phrasal	
hit the books	baiango-idiom	用功		idiom	
hit the hay	baiango-idiom	n. 睡觉		idiom	
hit the nail on the head	baiango-idiom	一针见血,正中要害;中肯,抓住要领		idiom	
hit the road	baiango-idiom	离开		idiom	
hit the sack	baiango-idiom	就寝		idiom	
hit the target	baiango-idiom	射中靶子		idiom	
hit up	wec-phrasal	请求		phrasal	
hit upon	wec-phrasal	偶然发现		phrasal	
hitch up	wec-phrasal	拉起（坐时把膝部裤管稍向上拉, 以保持裤线挺直）		phrasal	
hive off	wec-phrasal+moby-pos	（蜜蜂）分群		phrasal	
hoe in	wec-phrasal+moby-pos	（澳/新西兰, 非正式）狼吞虎咽		phrasal	
hold against	wec-phrasal	因…对(某人)抱成见，因…而歧视(某人)		phrasal	
hold back	wec-phrasal+moby-pos	踌躇, 阻止, 抑制, 隐瞒\n[经] 取消, 阻止, 退缩		phrasal	
hold down	wec-phrasal+moby-pos	压制, 抑制, 缩减, 牵制, 垂下		phrasal	
hold forth	wec-phrasal+moby-pos	滔滔地说, 提供		phrasal	
hold in	wec-phrasal+moby-pos	约束, 抑制		phrasal	
hold off	wec-phrasal+moby-pos	不接近, 拖延, 不使接近		phrasal	
hold on	wec-phrasal+moby-pos	继续, 不挂断, 停止		phrasal	
hold on to	wec-phrasal	坚持		phrasal	
hold onto	wec-phrasal	紧紧抓住，不卖出		phrasal	
hold out	wec-phrasal+moby-pos	伸出, 提出, 提供, 坚持, 支持, 维持\n[法] 提出, 给予, 主张		phrasal	
hold over	wec-phrasal+moby-pos	拖延, 继任, 以...威胁\n[法] 延期, 继续占有, 期满后继任		phrasal	
hold to	wec-phrasal	坚持, 紧握		phrasal	
hold together	wec-phrasal+moby-pos	使结合, 团结		phrasal	
hold up	wec-phrasal	举起, 支撑, 继续下去, 阻挡, 拦截\n[法] 支撑, 继续下去, 阻塞		phrasal	
hold with	wec-phrasal+moby-pos	赞同, 容忍		phrasal	
hold your horses	baiango-idiom	n. 不要着急，耐心一点		idiom	
hole up	wec-phrasal+moby-pos	躲藏, 把...监禁		phrasal	
hollow out	wec-phrasal	挖空; 掏		phrasal	
hook up	wec-phrasal	以钩钩住		phrasal	
horse around	wec-phrasal+moby-pos	哄闹, 胡闹		phrasal	
hose down	wec-phrasal	用水管里的水冲洗		phrasal	
hot up	wec-phrasal+moby-pos	加剧, 变危急		phrasal	
hunker down	wec-phrasal	沉潜待发		phrasal	
hunt down	wec-phrasal+moby-pos	穷追直至抓获\n[法] 追捕, 搜寻...直至发现		phrasal	
hunt out	wec-phrasal	搜寻出		phrasal	
hunt up	wec-phrasal+moby-pos	猎取		phrasal	
hurry along	wec-phrasal	赶紧走,匆匆赶路		phrasal	
hurry up	wec-phrasal	赶快, 匆匆完成		phrasal	
hush up	wec-phrasal+moby-pos	防止…张扬出去, 保持沉默, 掩盖		phrasal	
hype up	wec-phrasal	夸张地宣传（某人或某事物）; （用巧计或绝技）人为地刺激; 助长		phrasal	
ice over	wec-phrasal	结冰		phrasal	
ice up	wec-phrasal	结冰		phrasal	
identify with	wec-phrasal	认为…等同于; 觉得与…有联系; 支持; 同情（某人）		phrasal	
idle away	wec-phrasal	浪费掉		phrasal	
ignorance is bliss	baiango-idiom	无知便是福		idiom	
impress on	wec-phrasal	使牢记, 给...留下印象		phrasal	
improve on	wec-phrasal	改进		phrasal	
in a fog	baiango-idiom	困惑,迷惘,茫然,如坠五里雾中		idiom	
in a nutshell	baiango-idiom	简括地说, 一句话		idiom	
in cold blood	baiango-idiom	残忍地\n[法] 蓄意地, 残忍地		idiom	
in hot water	baiango-idiom	处于困境,遇着麻烦;处于水深火热		idiom	
in the dark	baiango-idiom	在黑暗中, 秘密地, 不知道\n[法] 蒙在鼓里		idiom	
in the middle of nowhere	baiango-idiom	在偏僻的地方		idiom	
in the nick of time	baiango-idiom	恰好		idiom	
in the same boat	baiango-idiom	处境相同		idiom	
inform on	wec-phrasal	告密,告发,出卖		phrasal	
inquire after	wec-phrasal	问候		phrasal	
inquire into	wec-phrasal	调查...		phrasal	
insist on	wec-phrasal	坚持, 坚决要求		phrasal	
insure against	wec-phrasal	给...保险		phrasal	
interfere with	wec-phrasal	干涉,干扰,妨碍		phrasal	
invest in	wec-phrasal	投资于, 买进		phrasal	
invest with	wec-phrasal	授予		phrasal	
invite out	wec-phrasal	请（某人）出去		phrasal	
iron out	wec-phrasal+moby-pos	烫平, 消除		phrasal	
issue forth	wec-phrasal	出来；出去：		phrasal	
issue from	wec-phrasal	从...流出, 由...产生, 传下		phrasal	
jack in	wec-phrasal+moby-pos	停止, 不愿继续		phrasal	
jack up	wec-phrasal+moby-pos	<俚>用千斤顶顶起; <口>提高, 增加; <口>把凌乱的东西安排[料理]好		phrasal	
jazz up	wec-phrasal+moby-pos	使活泼		phrasal	
jerk around	wec-phrasal	vt. 耍弄某人		phrasal	
jerk off	wec-phrasal+moby-pos	vi. 行手淫; 猛地甩掉		phrasal	
jib at	wec-phrasal	厌恶		phrasal	
jog along	wec-phrasal	缓慢前进,进展缓慢		phrasal	
join in	wec-phrasal	参加, 加入		phrasal	
join up	wec-phrasal+moby-pos	参军, 联合起来		phrasal	
jolly along	wec-phrasal	(用哄、捧等方式)使…高兴(以达到某种目的)；用乐趣鼓励(某人)：；[俚语]鼓励…加快行动		phrasal	
jolly up	wec-phrasal	鼓励…积极起来：		phrasal	
jot down	wec-phrasal	草草记下		phrasal	
juice up	wec-phrasal+moby-pos	使活跃		phrasal	
jump at	wec-phrasal+moby-pos	欣然接受		phrasal	
jump in	wec-phrasal	投入		phrasal	
jump off	wec-phrasal	开始		phrasal	
jump on	wec-phrasal+moby-pos	扑向		phrasal	
jump on the bandwagon	baiango-idiom	见风使舵,看气候;赶浪头,赶潮流		idiom	
jump out	wec-phrasal	视觉（或精神）上影响强烈的; 令人眼花缭乱; 引人注目的; 醒目的		phrasal	
jump the gun	baiango-idiom	起步过早, 偷跑		idiom	
jump up	wec-phrasal	跳起来		phrasal	
keel over	wec-phrasal+moby-pos	倾覆, 翻身		phrasal	
keep a straight face	baiango-idiom	板着脸		idiom	
keep at	wec-phrasal+moby-pos	坚持, 纠缠		phrasal	
keep away	wec-phrasal+moby-pos	防范		phrasal	
keep back	wec-phrasal+moby-pos	落在后面, 阻止, 隐瞒, 留下		phrasal	
keep down	wec-phrasal+moby-pos	卧下, 镇压, 控制, 缩减, 保留		phrasal	
keep from	wec-phrasal+moby-pos	阻止, 隐瞒, 抑制		phrasal	
keep in	wec-phrasal+moby-pos	抑制, 隐瞒, 隐藏, 继续燃烧		phrasal	
keep in with	wec-phrasal	不断讨好		phrasal	
keep off	wec-phrasal+moby-pos	让开, 不接近		phrasal	
keep on	wec-phrasal+moby-pos	继续, 穿着...不脱		phrasal	
keep out	wec-phrasal+moby-pos	使在外		phrasal	
keep out of	wec-phrasal	置身于外		phrasal	
keep to	wec-phrasal+moby-pos	坚持,保持;固守		phrasal	
keep up	wec-phrasal+moby-pos	不低落, 维持, 继续\n[经] 坚持, 保持, 继续		phrasal	
keep up with	wec-phrasal	跟上\n[法] 追上, 跟上, 赶得上		phrasal	
key in	wec-phrasal	键入\n[计] 键入		phrasal	
key up	wec-phrasal+moby-pos	使升调, 使紧张, 使激动		phrasal	
kick about	wec-phrasal+moby-pos	<口>谈论; <口>存在; 漫不经心地踢; 漫不经心地游荡		phrasal	
kick against	wec-phrasal	反对, 抗议		phrasal	
kick around	wec-phrasal	<口>谈论; <口>存在; 漫不经心地踢; 漫不经心地游荡		phrasal	
kick back	wec-phrasal	踢回		phrasal	
kick down	wec-phrasal	将…踢倒; 换低挡		phrasal	
kick in	wec-phrasal	向里踢进去; 踢坏; <非正>缴付		phrasal	
kick off	wec-phrasal+moby-pos	踢脱, 中线开球		phrasal	
kick out	wec-phrasal+moby-pos	把球踢出界		phrasal	
kick over	wec-phrasal	发动,启动;交出,付出,缴纳		phrasal	
kick the bucket	baiango-idiom	死掉		idiom	
kick up	wec-phrasal+moby-pos	踢起\n[经] 提高汽油辛烷值		phrasal	
kid around	wec-phrasal	（美）开玩笑		phrasal	
kill off	wec-phrasal	消灭		phrasal	
kill two birds with one stone	baiango-idiom	一箭双雕;一石二鸟		idiom	
kip down	wec-phrasal	在某处过夜, 在（自己的床以外的地方）睡觉		phrasal	
kiss away	wec-phrasal	吻去,以接吻来消除;嫖尽		phrasal	
kiss off	wec-phrasal+moby-pos	吻去;解雇,拒绝;回避,摆脱,对…置之不理		phrasal	
kit out	wec-phrasal+moby-pos	配备, 装备		phrasal	
knock about	wec-phrasal+moby-pos	玩; 漫游; 接连打击; 活着		phrasal	
knock back	wec-phrasal+moby-pos	回敲; 使大吃一惊; <口>使花费掉; 猛饮		phrasal	
knock down	wec-phrasal+moby-pos	击倒, 拆卸, 拍卖出\n[经] 拍板成交		phrasal	
knock off	wec-phrasal+moby-pos	敲掉, 击倒\n[经] 成交, 停工, 中断		phrasal	
knock out	wec-phrasal	敲空, 击倒, 打破, 使筋疲力竭\n[经] 拍卖时勾结用廉价买得, 联合拍卖货		phrasal	
knock over	wec-phrasal	打翻, 搜查, 吃掉		phrasal	
knock together	wec-phrasal	相撞		phrasal	
knock up	wec-phrasal+moby-pos	往上敲		phrasal	
know from	wec-phrasal	辨别, 分辨		phrasal	
know of	wec-phrasal	知道,了解,听说过…		phrasal	
knuckle down	wec-phrasal+moby-pos	开始认真工作, 屈服		phrasal	
knuckle under	wec-phrasal+moby-pos	屈服		phrasal	
labour under	wec-phrasal	为...苦恼		phrasal	
ladle out	wec-phrasal+moby-pos	舀出, 端出, 提供		phrasal	
land on	wec-phrasal	猛烈抨击		phrasal	
land up	wec-phrasal+moby-pos	到达; 处于		phrasal	
lap up	wec-phrasal+moby-pos	舔食, 贪婪地吃		phrasal	
lark about	wec-phrasal	鬼混, 闲荡		phrasal	
lash down	wec-phrasal	扎紧,捆紧		phrasal	
lash out	wec-phrasal+moby-pos	痛打, 痛骂		phrasal	
lash out at	wec-phrasal	痛打,狠揍;痛斥,攻击		phrasal	
lash out on	wec-phrasal	乱花,挥霍		phrasal	
last but not least	baiango-idiom	最后但并不是最不重要的(一点)		idiom	
last out	wec-phrasal+moby-pos	持续		phrasal	
last straw	baiango-idiom+moby-pos	压垮骆驼的最后一根稻草,导致失败的最后因素,导火线		idiom	
latch on	wec-phrasal+moby-pos	抓住, 占有, 理解		phrasal	
latch onto	wec-phrasal	与…交往,结交;抓住,弄到;理解,懂得		phrasal	
laugh at	wec-phrasal	嘲笑, 漠视, 因...发笑		phrasal	
laugh off	wec-phrasal+moby-pos	用笑摆脱		phrasal	
launch into	wec-phrasal	开始,着手,投入;大谈特谈,侈谈,大发		phrasal	
launch out	wec-phrasal	下水, 开始新的事情, 大肆挥霍, 详述		phrasal	
lay about	wec-phrasal	流浪汉		phrasal	
lay aside	wec-phrasal+moby-pos	搁置, 积蓄		phrasal	
lay down	wec-phrasal+moby-pos	放下\n[法] 规定, 制定, 立法		phrasal	
lay in	wec-phrasal+moby-pos	贮藏\n[经] 贮存		phrasal	
lay into	wec-phrasal+moby-pos	<非正>攻击		phrasal	
lay off	wec-phrasal+moby-pos	把(衣服等)放在一边, 解雇, 停止工作, 休息, 划出\n[机] 停工, 下料		phrasal	
lay on	wec-phrasal+moby-pos	涂抹, 猛攻, 加...于人\n[经] 抽, 征(税等)		phrasal	
lay out	wec-phrasal+moby-pos	摆开, 展示, 布置, 安排, 投资\n[经] 花钱, 投资, 布局		phrasal	
lay to	wec-phrasal+moby-pos	把...归于, 努力干, (使船)顶风停住		phrasal	
lay up	wec-phrasal+moby-pos	贮存, 搁置, 卧床\n[经] 贮存, 储蓄, 暂停使用		phrasal	
laze away	wec-phrasal	混日子		phrasal	
lead off	wec-phrasal+moby-pos	开始		phrasal	
lead on	wec-phrasal+moby-pos	劝诱, 哄骗; 带领…继续前进; 走在前面		phrasal	
lead to	wec-phrasal	导致, 通向		phrasal	
lead up to	wec-phrasal	带到, 导致, 作为...的准备		phrasal	
leaf through	wec-phrasal	翻书页, 翻阅		phrasal	
leak out	wec-phrasal	漏出, 泄漏		phrasal	
lean on	wec-phrasal	靠着		phrasal	
leap at	wec-phrasal	急于接受,欣然接受,抢着…		phrasal	
leave aside	wec-phrasal	不管,不考虑,把…搁到一边		phrasal	
leave behind	wec-phrasal+moby-pos	不带, 留下, 遗留, 超过		phrasal	
leave no stone unturned	baiango-idiom	千方百计, 想方设法		idiom	
leave off	wec-phrasal+moby-pos	停止, 不再穿		phrasal	
leave out	wec-phrasal+moby-pos	省去, 遗漏, 不考虑		phrasal	
leave over	wec-phrasal	剩下, 留下		phrasal	
let bygones be bygones	baiango-idiom	不咎既往；既往不究；既往不咎，忘掉旧嫌；宽大为怀		idiom	
let down	wec-phrasal+moby-pos	放下, 使失望, 使屈辱, 松劲, 减速下降\n[机] 放下, 排出		phrasal	
let in	wec-phrasal+moby-pos	放进, 招致, 嵌入		phrasal	
let into	wec-phrasal+moby-pos	让...进入		phrasal	
let off	wec-phrasal+moby-pos	放出, 饶恕\n[机] 放出		phrasal	
let on	wec-phrasal+moby-pos	<非正>泄密, 透露, 假装		phrasal	
let out	wec-phrasal+moby-pos	放掉, 泄露, 放大, 出租\n[经] 出租		phrasal	
let sleeping dogs lie	baiango-idiom	莫惹是非		idiom	
let the cat out of the bag	baiango-idiom	真相大白, 秘密泄露; 露马脚; 露出狐狸尾巴; 露馅儿		idiom	
let up	wec-phrasal+moby-pos	减小, 停止		phrasal	
level off	wec-phrasal	平整, 变平, 稳定		phrasal	
level out	wec-phrasal	把...弄平, 整平, 持平, 达到平衡, 稳定, (飞机)水平飞行		phrasal	
level up	wec-phrasal	通过提高来拉平\n[机] 使整齐		phrasal	
lie about	wec-phrasal	懒散, 无所事事		phrasal	
lie around	wec-phrasal	到处散放, 闲着不干事		phrasal	
lie back	wec-phrasal	倚靠		phrasal	
lie down	wec-phrasal+moby-pos	躺下		phrasal	
lie in	wec-phrasal+moby-pos	在于..., 分娩, 睡懒觉		phrasal	
lie with	wec-phrasal	是...的权利/义务		phrasal	
lift off	wec-phrasal	起飞		phrasal	
lift up	wec-phrasal	举起		phrasal	
light on	wec-phrasal	飞临,栖息于;偶然碰见,无意中发现		phrasal	
light out	wec-phrasal+moby-pos	匆匆离去		phrasal	
light up	wec-phrasal+moby-pos	开始吸烟, 发亮, 露喜色\n[机] 点火		phrasal	
light upon	wec-phrasal	（偶然）发现		phrasal	
lighten up	wec-phrasal	别那么严肃; 别抱怨; 别担忧; 使生动活泼		phrasal	
like a fish out of water	baiango-idiom	如鱼出水,不适应环境,感到生疏		idiom	
limber up	wec-phrasal+moby-pos	(使)变柔软		phrasal	
line up	wec-phrasal	整队, 排列起		phrasal	
linger on	wec-phrasal	停留,存留,逗留,拖延		phrasal	
link up	wec-phrasal	（使）连接, （使）结合, （使）合并; 贯通; 连贯; 沟通		phrasal	
listen in	wec-phrasal+moby-pos	收听, 监听, 偷听\n[法] 收听, 监听, 偷听		phrasal	
listen up	wec-phrasal	听好了		phrasal	
live and let live	baiango-idiom	自己活也让别人活, 待人宽容		idiom	
live by	wec-phrasal	靠…为生		phrasal	
live down	wec-phrasal+moby-pos	通过行动使人们原谅		phrasal	
live for	wec-phrasal	为…而生活，以…为生活目的		phrasal	
live in	wec-phrasal+moby-pos	住进		phrasal	
live it up	wec-phrasal	狂欢一场, 纵欲欢乐		phrasal	
live off	wec-phrasal	以...为食料, 靠...生活		phrasal	
live on	wec-phrasal	继续生活, 以...为主食, 靠...生活		phrasal	
live out	wec-phrasal	活过(某一段时间), 住在外面		phrasal	
live through	wec-phrasal	度过, 经受过		phrasal	
live together	wec-phrasal+moby-pos	住在一起, （通常指异性）同居; 相处		phrasal	
live up to	wec-phrasal	实践, 做到		phrasal	
live with	wec-phrasal	与…一起生活; 与（异性）同居; 学会去适应; 接受并忍受		phrasal	
liven up	wec-phrasal	(使)活跃起来, (使)有生气, (使)愉快		phrasal	
load down	wec-phrasal	[化] 降负荷		phrasal	
load up	wec-phrasal	[化] 升负荷; 加负荷		phrasal	
lock away	wec-phrasal	把…锁起来		phrasal	
lock down	wec-phrasal	让船开出水闸		phrasal	
lock in	wec-phrasal	将…锁[包围]在里面; 使固定		phrasal	
lock onto	wec-phrasal	和…接牢,用雷达自动跟踪…		phrasal	
lock out	wec-phrasal+moby-pos	把...关在外面\n[机] 工场对锁		phrasal	
lock up	wec-phrasal+moby-pos	锁上		phrasal	
log in	wec-phrasal	[计] 注册		phrasal	
log off	wec-phrasal	[计] 注销, 下网		phrasal	
log on	wec-phrasal	[计] 注册, 登录, 登录入网		phrasal	
log out	wec-phrasal	[计] 注销		phrasal	
look after	wec-phrasal+moby-pos	目送, 照顾, 关心		phrasal	
look ahead	wec-phrasal	向前看, 着眼未来		phrasal	
look around	wec-phrasal	四下观望; （作出选择前）进行调查; 骋目四顾; 四顾		phrasal	
look at	wec-phrasal	看, 考虑, 着眼于		phrasal	
look back	wec-phrasal+moby-pos	回顾, 三心二意\n[经] 银行对过去贷款的审查		phrasal	
look down on	wec-phrasal	轻视, 看不起		phrasal	
look for	wec-phrasal	寻找, 期待		phrasal	
look forward to	wec-phrasal	期望, 盼望; 瞩望; 属望; 企		phrasal	
look in	wec-phrasal	看望\n[计] 搜索		phrasal	
look into	wec-phrasal	窥视, 浏览, 观察\n[法] 调查		phrasal	
look on	wec-phrasal+moby-pos	观看, 旁观, 看待		phrasal	
look out	wec-phrasal	面朝, 留神, 找出		phrasal	
look out for	wec-phrasal	当心…,留神…,提防…		phrasal	
look over	wec-phrasal+moby-pos	从...上面看, 察看, 检查, 原谅		phrasal	
look round	wec-phrasal	环顾, 观光, (事先)进行全面考虑		phrasal	
look through	wec-phrasal+moby-pos	看穿, 审核, 浏览, 透过...看去, 从...中显露		phrasal	
look to	wec-phrasal	照看, 注意, 指望		phrasal	
look up	wec-phrasal+moby-pos	向上看, 尊敬, 仰望, 好转, 查寻, 拜访\n[计] 查阅		phrasal	
look up to	wec-phrasal	抬头看（某人或某物）, 尊重[敬仰]（某人）; 企慕; 瞧得起; 仰慕		phrasal	
look upon	wec-phrasal	看作, 显得不错; 看待		phrasal	
loose off	wec-phrasal	放（枪、箭）		phrasal	
loosen up	wec-phrasal	信口开河, 慷慨解囊, 松弛下来, 活动肌肉, 做准备动作		phrasal	
lop off	wec-phrasal	砍掉		phrasal	
lord it over	wec-phrasal	向…逞威风, 对…称王称霸; 高踞; 骑在头上		phrasal	
lose out	wec-phrasal+moby-pos	(比赛)输掉, 失败		phrasal	
lounge around	wec-phrasal	闲逛		phrasal	
luck into	wec-phrasal	[网络] 运气入		phrasal	
luck out	wec-phrasal	运气特好, 侥幸成功, 逢凶化吉		phrasal	
lust after	wec-phrasal	渴望, 贪求		phrasal	
magic away	wec-phrasal	像变魔术似地消失了		phrasal	
mail out	wec-phrasal	寄出；发出		phrasal	
make a long story short	baiango-idiom	长话短说, 简而言之		idiom	
make a scene	baiango-idiom	当众大吵一场		idiom	
make after	wec-phrasal	追随		phrasal	
make away with	wec-phrasal	带...而逃走, 摆脱, 杀死, 浪费\n[法] 杀掉, 摧毁, 用完		phrasal	
make do with	wec-phrasal	设法应付		phrasal	
make for	wec-phrasal+moby-pos	走向, 有利于, 倾向于		phrasal	
make hay while the sun shines	baiango-idiom	趁热打铁,抓紧时机		idiom	
make into	wec-phrasal	把...制成..., 使转变为		phrasal	
make it	wec-phrasal	及时抵达, 做成		phrasal	
make of	wec-phrasal+moby-pos	用...制造, 了解, 对待		phrasal	
make off	wec-phrasal+moby-pos	离开		phrasal	
make off with	wec-phrasal	带...而逃\n[法] 偷		phrasal	
make out	wec-phrasal+moby-pos	书写, 填写, 拼凑, 说明, 理解, 辨认出, 设法应付, 进展\n[法] 开出, 写出, 看出		phrasal	
make over	wec-phrasal+moby-pos	转让, 移交, 改造\n[经] 把(财产)转让, 移交		phrasal	
make up	wec-phrasal	弥补, 赔偿, 配制, 包装, 编辑, 虚构, 缝制, 组成, 和解, 结算, 整理, 化装\n[经] 弥补, 赔偿, 内部运装		phrasal	
make up for	wec-phrasal	补偿,弥补		phrasal	
make up to	wec-phrasal	接近, 奉承		phrasal	
make waves	baiango-idiom	兴风作浪		idiom	
make with	wec-phrasal+moby-pos	作出, 产生		phrasal	
man up	wec-phrasal	v. （给矿业、农业等）补充人力; [俚语]拿出男人的样子		phrasal	
map out	wec-phrasal+moby-pos	制订		phrasal	
mark down	wec-phrasal	记下, 标低价格\n[法] 减价		phrasal	
mark off	wec-phrasal	划分出		phrasal	
mark out	wec-phrasal	规划, 使注定要		phrasal	
mark out for	wec-phrasal	使注定要		phrasal	
mark up	wec-phrasal	把...标出, 标高价格\n[经] 涨价, 赊帐, 提高标价		phrasal	
marry into	wec-phrasal+moby-pos	结婚后成为...家中一员		phrasal	
marry off	wec-phrasal+moby-pos	嫁出,使完婚		phrasal	
marry up	wec-phrasal	结婚,结合,配合		phrasal	
mash up	wec-phrasal	捣烂,压碎,压扁		phrasal	
match up	wec-phrasal	（使）相配, （使）相适合, （使）…相符合		phrasal	
max out	wec-phrasal	（军队用语）得最高分; （非正式美式用语） 达到最高极限, 刷爆（信用卡）		phrasal	
measure off	wec-phrasal+moby-pos	量出		phrasal	
measure out	wec-phrasal+moby-pos	配给		phrasal	
measure up	wec-phrasal+moby-pos	合格		phrasal	
measure up to	wec-phrasal	符合, 达到		phrasal	
meet up	wec-phrasal	偶然地碰到		phrasal	
meet up with	wec-phrasal	偶遇		phrasal	
meet with	wec-phrasal	偶遇, 遭受		phrasal	
mellow out	wec-phrasal	放松		phrasal	
melt away	wec-phrasal	消失, 融掉		phrasal	
melt down	wec-phrasal	熔化\n[机] 熔化期		phrasal	
mess about	wec-phrasal+moby-pos	浪费时间, 荡来荡去, 闲逛, 混日子, 行动笨拙, 说话罗嗦		phrasal	
mess around	wec-phrasal	浪费时间		phrasal	
mess over	wec-phrasal	[俚语]虐待；粗暴对待；不公正对待：		phrasal	
mess up	wec-phrasal	搞糟, 陷入困境, 粗暴地处理		phrasal	
mess with	wec-phrasal	胡乱摆弄,糟蹋,与…厮混;和…一道用膳		phrasal	
mete out	wec-phrasal	给予; 给予惩罚; 责罚; 使受苦		phrasal	
mill around	wec-phrasal	成群地无目的乱转		phrasal	
miss out	wec-phrasal+moby-pos	省掉, 遗漏, 漏述		phrasal	
miss the boat	baiango-idiom	坐失良机		idiom	
miss the mark	baiango-idiom	没打中目标, 没达到目的		idiom	
mistake for	wec-phrasal	错认		phrasal	
mix up	wec-phrasal	混淆, 调和		phrasal	
mock up	wec-phrasal	仿制		phrasal	
monkey around	wec-phrasal	闲混		phrasal	
moon around	wec-phrasal	v. 闲荡		phrasal	
mop up	wec-phrasal+moby-pos	作扫尾工作, 擦, 抹, 痛击, 吃完		phrasal	
mope around	wec-phrasal	无精打采地徘徊\n闷闷不乐		phrasal	
mount up	wec-phrasal	增长, 上升		phrasal	
mouth off	wec-phrasal	大发议论, 自夸地说		phrasal	
move along	wec-phrasal	继续向前或后移动, 往里走		phrasal	
move away	wec-phrasal	离开; 搬到别处去住; 改变（见解）; 挪开		phrasal	
move away from	wec-phrasal	离开		phrasal	
move down	wec-phrasal	[计] 向下移		phrasal	
move in	wec-phrasal+moby-pos	生活于, 迁入		phrasal	
move in on	wec-phrasal	潜近..., 企图夺取(某物), 企图从(某人)处夺取东西		phrasal	
move into	wec-phrasal	搬进..., 移入..., 搬家, 迁入新居		phrasal	
move off	wec-phrasal	离开, 死, 畅销		phrasal	
move on	wec-phrasal	继续前进		phrasal	
move out	wec-phrasal+moby-pos	搬出, 出发		phrasal	
move over	wec-phrasal	移动一下		phrasal	
move up	wec-phrasal	向前移动, 上升\n[计] 向上移		phrasal	
mow down	wec-phrasal+moby-pos	摧毁		phrasal	
muck in	wec-phrasal+moby-pos	分担工作, 参加, 与人合伙		phrasal	
muck out	wec-phrasal	打扫,清除…的污物		phrasal	
muck up	wec-phrasal	弄脏		phrasal	
muddle along	wec-phrasal+moby-pos	混日子, 得过且过		phrasal	
muddle through	wec-phrasal+moby-pos	终于对付过去, 终于应付过去		phrasal	
muddle up	wec-phrasal	把…搞乱		phrasal	
mug up	wec-phrasal+moby-pos	<口>考前赶（功课）		phrasal	
mull over	wec-phrasal	n. 岬, 海角; 认真琢磨, 反复思考		phrasal	
muscle in	wec-phrasal	强行进入,抢夺		phrasal	
muscle into	wec-phrasal	<俚>硬挤进; 侵入; 干涉; 强夺		phrasal	
muscle out	wec-phrasal	强行逐出		phrasal	
nag at	wec-phrasal	唠叨, 恼人		phrasal	
nail down	wec-phrasal+moby-pos	用钉钉住, 明确\n[法] 束缚, 确定, 使成定案		phrasal	
nail up	wec-phrasal+moby-pos	钉牢, 钉住		phrasal	
name after	wec-phrasal	以…的名字起名		phrasal	
narrow down	wec-phrasal	（使）变窄, （使）减少, （使）缩小		phrasal	
night owl	baiango-idiom+moby-pos	n. 猫头鹰, 熬夜的人, 深夜不睡的人		idiom	
nip off	wec-phrasal	掐断；剪断		phrasal	
nip out	wec-phrasal	掐掉,摘去,除掉;急忙跑出去		phrasal	
nod off	wec-phrasal+moby-pos	不知不觉地睡着了		phrasal	
nose about	wec-phrasal	打听,探听,刺探		phrasal	
nose into	wec-phrasal	刺探,探听;管闲事,干涉		phrasal	
nose out	wec-phrasal+moby-pos	比...略胜一筹		phrasal	
notch up	wec-phrasal+baiango-idiom	创造,取得		idiom	
note down	wec-phrasal	记录,记下来		phrasal	
number off	wec-phrasal+moby-pos	报数		phrasal	
off one's rocker	baiango-idiom	发疯		idiom	
off the hook	baiango-idiom	未挂上; 摆脱困境		idiom	
off the rails	baiango-idiom	出轨的, 混乱的, 神经错乱的		idiom	
offer up	wec-phrasal	献上		phrasal	
on cloud nine	baiango-idiom	非常愉快,高兴,欣喜若狂,忘乎所以		idiom	
on target	baiango-idiom	击中要害的, 准确的：完全准确的、精确的或有效的		idiom	
on the ball	baiango-idiom	机警的, 勤奋的, 高明的		idiom	
on the fence	baiango-idiom	抱观望态度, 保持中立		idiom	
on top of the world	baiango-idiom	幸福到极点, 处于最佳地位, 声名显赫		idiom	
once in a blue moon	baiango-idiom	千载难逢地		idiom	
open out	wec-phrasal	展开, 开发, 改善, 增加, 展现, 揭示, 直言, 畅淡		phrasal	
open the door to	baiango-idiom	给...以机会, 导致...		idiom	
open up	wec-phrasal+moby-pos	展开, 给...开刀, 打开, 开发, 开办, 展示, 开始\n[法] 吐露真情		phrasal	
operate on	wec-phrasal	对...施手术		phrasal	
opt for	wec-phrasal	选择		phrasal	
opt in	wec-phrasal	决定参加		phrasal	
opt out	wec-phrasal+moby-pos	[计]撤退		phrasal	
out of the blue	baiango-idiom	突然		idiom	
out of this world	baiango-idiom	十全十美的, 极其动人的, 无比优秀的, 无比精彩的		idiom	
over the moon	baiango-idiom	兴高采烈		idiom	
owe to	wec-phrasal	归功于		phrasal	
own up	wec-phrasal	坦白		phrasal	
pace out	wec-phrasal	用步子测		phrasal	
pack a punch	baiango-idiom	击出兇勐的一拳;措词中肯有力;强劲有力		idiom	
pack away	wec-phrasal	收拾,收藏		phrasal	
pack in	wec-phrasal+moby-pos	停止, 回绝, 对...不感兴趣		phrasal	
pack into	wec-phrasal	装进,挤进,涌入…		phrasal	
pack it in	wec-phrasal	结束, 停止, (美)(非正式)充分利用有利条件以赢得名利地位, 承认失败		phrasal	
pack off	wec-phrasal	寄出, 把...打发走, 匆匆离开		phrasal	
pack out	wec-phrasal	挤满,填满		phrasal	
pack up	wec-phrasal+moby-pos	打包, 整理, 收工, 结束		phrasal	
pad out	wec-phrasal	添凑,硬塞,穿插		phrasal	
paint the town red	baiango-idiom	狂欢庆祝, 饮酒作乐		idiom	
pair off	wec-phrasal	成对而去, 分成一对一对		phrasal	
pair off with	wec-phrasal	同...结婚		phrasal	
pal up	wec-phrasal+moby-pos	结成友好		phrasal	
palm off	wec-phrasal+moby-pos	用欺骗的手段转让或卖掉		phrasal	
pan out	wec-phrasal+moby-pos	成功, 证明(是), 淘选		phrasal	
paper over	wec-phrasal+moby-pos	用纸覆盖;弥补,掩盖		phrasal	
parcel out	wec-phrasal	把…分成小部分		phrasal	
pare down	wec-phrasal	缩减		phrasal	
part with	wec-phrasal	失去, 卖掉[付出]…, 与…分开; 割舍		phrasal	
partake of	wec-phrasal	吃, 喝, 带有		phrasal	
partition off	wec-phrasal	分隔成；隔开		phrasal	
party animal	baiango-idiom	n. 超级爱玩的人		idiom	
pass around	wec-phrasal	分, 分发, 传送		phrasal	
pass as	wec-phrasal	被看作,被认为,冒充		phrasal	
pass away	wec-phrasal	去世, 停止, 离去, 消逝		phrasal	
pass by	wec-phrasal+moby-pos	经过, 掠过, 忽视		phrasal	
pass down	wec-phrasal	把…一代传一代，使流传		phrasal	
pass for	wec-phrasal	被认为..., 被当作..., 被误作...		phrasal	
pass off	wec-phrasal+moby-pos	逐渐消失, 终止, 停止, 发生, 举行, 使假冒, 忽视\n[法] 骗卖, 出售假货		phrasal	
pass on	wec-phrasal	传授, 传递		phrasal	
pass out	wec-phrasal+moby-pos	分发, 昏倒, 死, 完成学业, 离去		phrasal	
pass over	wec-phrasal+moby-pos	忽略, 省略, 不加考虑, 转交		phrasal	
pass through	wec-phrasal	通过..., 透过..., 穿过..., 流过...		phrasal	
pass to	wec-phrasal	传给，转到，通到		phrasal	
pass up	wec-phrasal+moby-pos	拒绝, 把...向上递		phrasal	
pat down	wec-phrasal	轻轻地拍平		phrasal	
patch together	wec-phrasal	修补,补缀,拼凑		phrasal	
patch up	wec-phrasal	修补, 平息, 解决争端, 拼凑, 修改		phrasal	
pay back	wec-phrasal+moby-pos	偿付, 报答, 报复\n[经] 付还, 偿付, 报酬率		phrasal	
pay down	wec-phrasal+moby-pos	当场支付, 用现金支付\n[经] 以现金支付, 先付		phrasal	
pay for	wec-phrasal+moby-pos	付...款		phrasal	
pay in	wec-phrasal+moby-pos	存入银行, 付(款), 捐(款)\n[经] (给银行)缴款捐款		phrasal	
pay into	wec-phrasal	付给银行存入帐中		phrasal	
pay off	wec-phrasal+moby-pos	付清, 报复, 付清工资解雇, 使人得益, 取得成功\n[经] 清偿(债务), 发工资, 分配盈利		phrasal	
pay out	wec-phrasal+moby-pos	付出, 报复, 放出\n[经] 支出, 花费		phrasal	
pay up	wec-phrasal+moby-pos	全部付清, 按时付款, (在勒索下)出钱\n[经] 付清, 缴清(股款等)		phrasal	
peck at	wec-phrasal	啄, 凿		phrasal	
peel off	wec-phrasal+moby-pos	飞机离队俯冲目标, 飞机离队降落		phrasal	
peel out	wec-phrasal	迅速离开		phrasal	
peg away	wec-phrasal	（非正式）（尤指长期）坚持不懈地工作, 勤奋地工作		phrasal	
peg down	wec-phrasal+moby-pos	v. 用木钉钉住		phrasal	
peg out	wec-phrasal+moby-pos	死亡		phrasal	
pen up	wec-phrasal	围来, 关进围栏（指牲畜等）		phrasal	
pension off	wec-phrasal+moby-pos	发养老金使退休; 不再使用		phrasal	
pep up	wec-phrasal	增加…的趣味; 使兴致勃勃; 激励; 使活跃		phrasal	
perk up	wec-phrasal+moby-pos	(使)振作, (使)活跃起来		phrasal	
permit of	wec-phrasal	允许, 容许有		phrasal	
peter out	wec-phrasal	逐渐消失, 耗尽		phrasal	
phase in	wec-phrasal+moby-pos	逐步采用, 分阶段引入		phrasal	
phase out	wec-phrasal+moby-pos	使逐步淘汰, 逐渐停止		phrasal	
phone in	wec-phrasal	打电话告知		phrasal	
phone up	wec-phrasal	给…打电话		phrasal	
pick apart	wec-phrasal	把...撕碎, 把...驳得体无完肤, 严厉批评		phrasal	
pick at	wec-phrasal+moby-pos	扯拉, 抓弄, 少量地吃, 对...唠叨指责		phrasal	
pick off	wec-phrasal+moby-pos	摘掉, 拔去, 截取		phrasal	
pick on	wec-phrasal+moby-pos	作弄, 惹恼, 找...的岔子, 选中, 总是挑剔\n[法] 挑剔, 作弄人, 选择		phrasal	
pick out	wec-phrasal+moby-pos	挑选		phrasal	
pick over	wec-phrasal	分档挑选		phrasal	
pick up	wec-phrasal	掘地, 捡起, 获得, 学会, 看到, 中途带, 搭乘, 重新找到, 振作, 加快, 好转, 整理		phrasal	
pick up on	wec-phrasal	注意到, 接近, 理解, 与...熟悉起来		phrasal	
piddle away	wec-phrasal	闲混（时间）		phrasal	
piece of cake	baiango-idiom	小菜一碟; 非常容易的事		idiom	
piece together	wec-phrasal	拼凑		phrasal	
pig out	wec-phrasal	狼吞虎咽, 大吃特吃		phrasal	
pile in	wec-phrasal	挤入,塞进		phrasal	
pile into	wec-phrasal	挤入, 进入		phrasal	
pile on	wec-phrasal	堆集在…,一起压在…身上		phrasal	
pile out	wec-phrasal	挤出, 走出		phrasal	
pile up	wec-phrasal+moby-pos	堆积, 积累, 搁浅, 撞毁		phrasal	
pin down	wec-phrasal+moby-pos	使受约束, 把...别住(或钉牢), 阻止, 压制, 使明确说明, 证实		phrasal	
pin on	wec-phrasal	把...归罪于		phrasal	
pin up	wec-phrasal	钉住, 加固, 支撑, 用楔子校平		phrasal	
pine away	wec-phrasal	消瘦, 憔悴		phrasal	
pine for	wec-phrasal	渴望, 怀念		phrasal	
pipe down	wec-phrasal+moby-pos	吹哨子通知下班, 停止说话, 安静下来, 不过于自信		phrasal	
pipe up	wec-phrasal+moby-pos	开始吹奏, 尖声说话, 上升		phrasal	
piss about	wec-phrasal+moby-pos	胡闹,吊儿郎当		phrasal	
piss around	wec-phrasal	吵闹, 胡闹, 工作吊儿郎当		phrasal	
piss away	wec-phrasal	挥霍,浪费		phrasal	
piss down	wec-phrasal	[俚语]下大雨：		phrasal	
piss off	wec-phrasal+moby-pos	走开,滚蛋;惹恼,喝醉,精疲力竭		phrasal	
pit against	wec-phrasal	使竞争		phrasal	
pitch in	wec-phrasal+moby-pos	投入, 动手干, 作出贡献		phrasal	
pitch into	wec-phrasal+moby-pos	投入, 迫使接受, 猛烈进攻, 开始忙于, 大吃大嚼		phrasal	
pitch out	wec-phrasal	掷出; 坠落; 开除; 逐出		phrasal	
pitch up	wec-phrasal	选上,选中;怪罪于,责怪		phrasal	
pivot on	wec-phrasal	依...而定, 随着...转移		phrasal	
plan on	wec-phrasal	打算		phrasal	
plant out	wec-phrasal	把...移植户外, 以一定行距移植(秧苗)		phrasal	
plaster over	wec-phrasal	（用…）厚厚地抹或粘贴, 用灰泥填塞		phrasal	
play about	wec-phrasal	随便摆弄,到处乱搞		phrasal	
play along	wec-phrasal+moby-pos	等待回音或决定; 合作; （使）沿…闪动; 荡漾		phrasal	
play around	wec-phrasal	玩耍		phrasal	
play at	wec-phrasal	参加(体育活动、比赛等), 假装, 戏弄, 敷衍		phrasal	
play away	wec-phrasal	在外比赛, 输掉, 浪费掉(时间等)		phrasal	
play back	wec-phrasal	把(球)打回对方, 播放(唱片、磁带等)		phrasal	
play down	wec-phrasal+moby-pos	对...不重视, 降低, 贬低, 屈尊随群		phrasal	
play it by ear	baiango-idiom	随机行事, 无计划地进行		idiom	
play off	wec-phrasal+moby-pos	使出丑, 延长比赛以破平局, 使相斗, (用欺骗手段)使...脱手		phrasal	
play on	wec-phrasal+moby-pos	继续比赛, 利用		phrasal	
play out	wec-phrasal+moby-pos	把戏演完, 使耗尽, 使筋疲力尽, 放出, 用完, 使破产, 宣泄, 结束		phrasal	
play up	wec-phrasal+moby-pos	加油, (比赛时)拼命, 开始奏乐, 强调, 给...制造麻烦, 出故障		phrasal	
play up to	wec-phrasal	支持, 给...当配角, 配合好, 戏弄, 奉承		phrasal	
play with	wec-phrasal+moby-pos	和…一起玩耍,漫不经心地摆弄,玩弄		phrasal	
plod along	wec-phrasal	沉重缓慢地行走,艰难地行走		phrasal	
plonk down	wec-phrasal	放下,使倒下,颓然坐下,沉重地躺下		phrasal	
plough back	wec-phrasal+moby-pos	把(草等)犁入土中作肥料, 再投资\n[经] 把(利润)再投资		phrasal	
plough into	wec-phrasal	投入(资金)		phrasal	
plough on	wec-phrasal	继续用犁翻地; 坚持不懈		phrasal	
plough through	wec-phrasal	驶过,穿过,乘风破浪		phrasal	
plough up	wec-phrasal	犁, 使有沟脊		phrasal	
plow back	wec-phrasal	[经] (利润)再投资		phrasal	
pluck at	wec-phrasal	拽住\n拉住		phrasal	
pluck up	wec-phrasal+moby-pos	振作, 拔起		phrasal	
plug away	wec-phrasal	[体]坚持下去		phrasal	
plug in	wec-phrasal+moby-pos	插上电源		phrasal	
plug into	wec-phrasal	把插头插进…		phrasal	
plump down	wec-phrasal	<口>突然而沉重地坠下, 快速而坚决地放下		phrasal	
plump for	wec-phrasal	投票选出（一人）		phrasal	
plump out	wec-phrasal	v. 脱口而出		phrasal	
plump up	wec-phrasal	v. 鼓起, 变丰满		phrasal	
plunge in	wec-phrasal	头朝下跳入水中；使浸入：；积极参加：		phrasal	
plunge into	wec-phrasal	投入, 跳入		phrasal	
plunk down	wec-phrasal	突然落下, 付给		phrasal	
ply with	wec-phrasal	v. 纠缠,骚扰		phrasal	
point out	wec-phrasal+moby-pos	指出		phrasal	
point to	wec-phrasal	指向		phrasal	
point up	wec-phrasal+moby-pos	强调, （使）特别注意; 清楚表明		phrasal	
poke about	wec-phrasal	摸索, 寻找		phrasal	
poke around	wec-phrasal	v. 闲逛		phrasal	
poke at	wec-phrasal	轻轻地拨动, 翻找		phrasal	
polish off	wec-phrasal+moby-pos	(飞快地)完成, 打败		phrasal	
polish up	wec-phrasal+moby-pos	擦光, 使完美, 使醉		phrasal	
pony up	wec-phrasal	<美俚>付账, 付钱		phrasal	
poop out	wec-phrasal	丧失功能		phrasal	
pop down	wec-phrasal	顺便经过,顺道走访		phrasal	
pop in	wec-phrasal	突然出现, 突然进来		phrasal	
pop off	wec-phrasal+moby-pos	睡着, (突然)死去\n[机] 溢放口		phrasal	
pop out	wec-phrasal	(突然)熄灭, (突然)死去		phrasal	
pop up	wec-phrasal	突然站起(或跳起)		phrasal	
pore over	wec-phrasal	集中精神地阅读		phrasal	
pose as	wec-phrasal	做出…的姿态		phrasal	
post off	wec-phrasal	匆匆出发		phrasal	
post up	wec-phrasal	张贴,提供最新动向		phrasal	
potter about	wec-phrasal	闲逛, 闲荡, 混日子		phrasal	
potter around	wec-phrasal	[网络] 随便走走		phrasal	
pound out	wec-phrasal	连续猛击而产生		phrasal	
pour down	wec-phrasal	流下, （雨）倾盆而下; 向下倾注; 倾泻而下; 奔泻		phrasal	
pour forth	wec-phrasal	连续不断地流[发]出; 倾诉		phrasal	
pour into	wec-phrasal	[化] 注入		phrasal	
pour out	wec-phrasal	倒出; 使流出; 涌出; 倾诉		phrasal	
power down	wec-phrasal	[计]掉电		phrasal	
power off	wec-phrasal	vt. 电源关闭，也可译为手机等关机; [体]停车		phrasal	
power up	wec-phrasal	[计] 加电		phrasal	
practise on	wec-phrasal	利用		phrasal	
preside over	wec-phrasal	负责, 主持		phrasal	
press ahead	wec-phrasal	推进,挺进,勇勐前进,奋勇前进		phrasal	
press for	wec-phrasal	迫切要求		phrasal	
press on	wec-phrasal	强加于		phrasal	
press upon	wec-phrasal	压在…上面;逼迫		phrasal	
prevail on	wec-phrasal	说服, 诱使		phrasal	
prey on	wec-phrasal	捕食, 掠夺		phrasal	
prick out	wec-phrasal	挑选出,移植,用针刺出		phrasal	
print out	wec-phrasal+moby-pos	[计] 打印输出		phrasal	
proceed against	wec-phrasal	起诉\n[法] 提起诉讼		phrasal	
proceed from	wec-phrasal	从...出发, 出自...		phrasal	
profit from	wec-phrasal	得益于		phrasal	
pronounce on	wec-phrasal	对…发表意见,对…表态		phrasal	
prop up	wec-phrasal	支撑, 支持		phrasal	
provide against	wec-phrasal	预防, 规定禁止		phrasal	
provide for	wec-phrasal	作准备, 供养, 规定		phrasal	
pry out	wec-phrasal	诱使某人说出		phrasal	
psych out	wec-phrasal	吓坏, 装疯以逃避		phrasal	
psych up	wec-phrasal	使兴奋起来, 使（为比赛、表演等）作好精神准备		phrasal	
pucker up	wec-phrasal	使缩拢		phrasal	
puff out	wec-phrasal	膨胀		phrasal	
puff up	wec-phrasal	使肿胀		phrasal	
pull ahead	wec-phrasal	[体]奋力赶到前面		phrasal	
pull apart	wec-phrasal	把...撕开, 批评		phrasal	
pull away	wec-phrasal	脱身, 离开		phrasal	
pull back	wec-phrasal+moby-pos	[计] 退回, 退却		phrasal	
pull down	wec-phrasal+moby-pos	摧毁, 推翻, 使降低, 使下跌, 使身体变差, 使萎靡, 获取\n[机] 胀陷, 上模剥砂		phrasal	
pull in	wec-phrasal+moby-pos	进站, 靠岸		phrasal	
pull into	wec-phrasal	(车)进站		phrasal	
pull off	wec-phrasal+moby-pos	脱, 努力实现, 赢得		phrasal	
pull on	wec-phrasal+moby-pos	穿, 戴, 用力拉		phrasal	
pull out	wec-phrasal+moby-pos	拔出, 离开, (使)渡过难关, (使)恢复健康		phrasal	
pull over	wec-phrasal	靠岸, 开到路边		phrasal	
pull round	wec-phrasal	复原		phrasal	
pull someone's leg	baiango-idiom	愚弄，耍弄，取笑		idiom	
pull through	wec-phrasal+moby-pos	(使)渡过难关, (使)恢复健康		phrasal	
pull together	wec-phrasal+moby-pos	齐心协力		phrasal	
pull up	wec-phrasal+moby-pos	拔起, 停下, 阻止		phrasal	
pump out	wec-phrasal	抽空		phrasal	
pump up	wec-phrasal	[化] 泵送		phrasal	
punch in	wec-phrasal	上班打卡		phrasal	
punch out	wec-phrasal	下班打卡		phrasal	
punch up	wec-phrasal	用记账卡打出…; 徒手同（某人）打斗		phrasal	
push about	wec-phrasal+moby-pos	驱使,摆布		phrasal	
push ahead	wec-phrasal	推进,挺进,勇勐前进,奋勇前进		phrasal	
push along	wec-phrasal+moby-pos	离去,离开		phrasal	
push around	wec-phrasal	把...推来推去, 摆布		phrasal	
push aside	wec-phrasal	把...向旁边推		phrasal	
push away	wec-phrasal	继续推; 推开		phrasal	
push back	wec-phrasal	向后推, 吞下		phrasal	
push for	wec-phrasal	奋力争取		phrasal	
push forward	wec-phrasal	奋力向前, 推进; 迫使注意[考虑]…; 提出…; 极力表现		phrasal	
push in	wec-phrasal	粗鲁地打断		phrasal	
push off	wec-phrasal+moby-pos	离开		phrasal	
push on	wec-phrasal	推动, 推进, 匆匆向前		phrasal	
push out	wec-phrasal	推出; 长出; 开除; 除掉某人		phrasal	
push over	wec-phrasal	把...推倒		phrasal	
push through	wec-phrasal+moby-pos	挤过去, 完成		phrasal	
put about	wec-phrasal+moby-pos	转向, 散布, 使烦恼		phrasal	
put across	wec-phrasal+moby-pos	做成, 使被接受, 欺骗		phrasal	
put aside	wec-phrasal+moby-pos	撇开, 储存...备用		phrasal	
put away	wec-phrasal+moby-pos	放好, 储存...备用, 抛弃, 放弃		phrasal	
put back	wec-phrasal+moby-pos	放回原处, 向后移, 推迟, 倒退, 使后退		phrasal	
put by	wec-phrasal	放在一边, 储存...备用, 回避		phrasal	
put down	wec-phrasal+moby-pos	放下, 不赞成, 镇压, 取缔, 制止, 记下, 贬低, 羞辱, 削减\n[法] 放下, 遏止		phrasal	
put down as	wec-phrasal	估计, 认为		phrasal	
put down to	wec-phrasal	归因于		phrasal	
put forth	wec-phrasal+moby-pos	放出, 发表, 颁布, 提出, 发挥, 起航		phrasal	
put forward	wec-phrasal+moby-pos	放出, 拿出, 提出, 推举出\n[法] 放出, 提出		phrasal	
put in	wec-phrasal+moby-pos	放进, 提出, 提交, 选举, 插入, 种植, 进港, 进入\n[经] 提出		phrasal	
put in for	wec-phrasal	申请		phrasal	
put into	wec-phrasal	流入, 驶入		phrasal	
put off	wec-phrasal+moby-pos	推迟, 拖延, 搪塞, 阻止, 脱掉, 扔掉, 使分心, 使厌恶, 出航\n[经] 推迟		phrasal	
put on	wec-phrasal+moby-pos	把...放上去, 穿上, 假装, 增加, 上演, 使...上场, 使起作用, 施加于		phrasal	
put out	wec-phrasal+moby-pos	放出, 伸出, 生产, 出版, 发布, 熄灭, 消除, 使困扰, 使脱臼, 把...杀出局, 出航\n[化] 关; 停止		phrasal	
put over	wec-phrasal+moby-pos	使转向, 推迟, 拖延, 使被接受, 驶过		phrasal	
put pen to paper	baiango-idiom	落笔		idiom	
put the cart before the horse	baiango-idiom	前后颠倒,本末倒置		idiom	
put through	wec-phrasal+moby-pos	搞成, 接通		phrasal	
put to	wec-phrasal	靠岸		phrasal	
put together	wec-phrasal	把...加起来, 装配, 整理		phrasal	
put under	wec-phrasal	杀死, 埋葬		phrasal	
put up	wec-phrasal+moby-pos	举起, 抬起, 进行, 推举, 参加竞选, 提供, 建造, 接待, 包装, 公布, 上演\n[化] 搭架		phrasal	
put up with	wec-phrasal	忍受, 容忍\n[法] 容忍		phrasal	
puzzle out	wec-phrasal	推测出		phrasal	
puzzle over	wec-phrasal	苦苦思考		phrasal	
quarrel with	wec-phrasal	跟...吵架		phrasal	
rabbit on	wec-phrasal	唠叨, 喋喋不休		phrasal	
race against time	baiango-idiom	和时间赛跑,争分夺秒		idiom	
rack up	wec-phrasal+moby-pos	获胜, 击倒		phrasal	
rain down	wec-phrasal	大量地流[落]下来; 顺…大量地流下来		phrasal	
rain off	wec-phrasal	因下雨而取消…		phrasal	
rain out	wec-phrasal	因下雨取消		phrasal	
rainy day	baiango-idiom+moby-pos	雨天, 穷困的日子		idiom	
rake in	wec-phrasal+moby-pos	迅速大量取得		phrasal	
rake off	wec-phrasal	回扣（非正式）		phrasal	
rake over	wec-phrasal	翻出重提		phrasal	
rake through	wec-phrasal	翻来翻去,认真搜索,仔细寻找		phrasal	
rake up	wec-phrasal+moby-pos	耙在一起		phrasal	
rally around	wec-phrasal	(或 round, to)；(使)团结(或聚集)起来：		phrasal	
rally round	wec-phrasal+moby-pos	在困难时前来帮助某人		phrasal	
ramble on	wec-phrasal	继续漫步地		phrasal	
ramp up	wec-phrasal	vt.& vi. [动词短语]加强, 加大; 斜坡上升		phrasal	
rap out	wec-phrasal	突然说出,厉声喝道		phrasal	
rat on	wec-phrasal	告密,出卖,背弃		phrasal	
rat out	wec-phrasal	(美)(非正式)失面子后离开		phrasal	
ration out	wec-phrasal	adv. 应按配额给定地		phrasal	
rattle off	wec-phrasal	adv. 急促背诵地		phrasal	
rattle on	wec-phrasal	v. 喋喋不休地说; 开连珠炮		phrasal	
reach out	wec-phrasal	（使）伸出		phrasal	
reach out for	wec-phrasal	伸手去拿...		phrasal	
react against	wec-phrasal	反抗		phrasal	
read back	wec-phrasal	重复		phrasal	
read between the lines	baiango-idiom	体会言外之意		idiom	
read off	wec-phrasal	[经] 读出, 从...读取		phrasal	
read out	wec-phrasal+moby-pos	宣告开除, 把...读出\n[经] 读出, 宣读		phrasal	
read through	wec-phrasal	把...从头看到尾\n[化] 连读		phrasal	
read up on	wec-phrasal	研究,专攻…		phrasal	
rear up	wec-phrasal	暴跳		phrasal	
reason out	wec-phrasal	通过推理得出结论		phrasal	
reason with	wec-phrasal	与...评理		phrasal	
reckon on	wec-phrasal	指望, 依赖		phrasal	
reckon with	wec-phrasal	和...算帐, 认真对付		phrasal	
reckon without	wec-phrasal	未考虑到,忽略了…		phrasal	
red flag	baiango-idiom+moby-pos	红旗		idiom	
red light	baiango-idiom+moby-pos	红灯, 危险信号		idiom	
reduce to	wec-phrasal	使处于, 迫使, 使变弱为, 归纳为		phrasal	
reel in	wec-phrasal	卷, 绕		phrasal	
reel off	wec-phrasal+moby-pos	一口气报出		phrasal	
reel out	wec-phrasal	放出		phrasal	
reflect on	wec-phrasal	深思, 反省, 导致, 招致非议		phrasal	
rein in	wec-phrasal+moby-pos	放慢, 止住, 控制		phrasal	
rejoice in	wec-phrasal	享有…,因…感到高兴		phrasal	
relate to	wec-phrasal	涉及		phrasal	
relieve of	wec-phrasal	解除, 消除		phrasal	
remind of	wec-phrasal	提醒, 使记起		phrasal	
rent out	wec-phrasal	租出		phrasal	
repair to	wec-phrasal	常去…,依靠…,求助于…		phrasal	
report back	wec-phrasal	带回…的报告, 汇报		phrasal	
report to	wec-phrasal	到…报到，到…去（见某人）; 向…汇报[报告]		phrasal	
reside in	wec-phrasal	存在		phrasal	
rest on	wec-phrasal	被搁在, 停留在, 信赖		phrasal	
rest up	wec-phrasal	充分休息		phrasal	
rest with	wec-phrasal	取决于		phrasal	
result in	wec-phrasal	导致\n[法] 产生, 导致		phrasal	
return to	wec-phrasal	回复到...		phrasal	
revel in	wec-phrasal	醉心于, 着迷		phrasal	
revolve around	wec-phrasal	旋转, 绕转; 环绕		phrasal	
ride off	wec-phrasal	岔开		phrasal	
ride on	wec-phrasal	乘, 骑, 依靠		phrasal	
ride out	wec-phrasal+moby-pos	长途骑行; 安然渡过, 经受得住; 安全渡过		phrasal	
ride up	wec-phrasal+moby-pos	缩上去		phrasal	
rig out	wec-phrasal+moby-pos	装配		phrasal	
rig up	wec-phrasal+moby-pos	装配, 草草做成		phrasal	
ring a bell	baiango-idiom	使某人想起某事, 提醒		idiom	
ring around	wec-phrasal	到处打电话		phrasal	
ring back	wec-phrasal+moby-pos	回电话, 再打电话		phrasal	
ring in	wec-phrasal+moby-pos	偷偷带进		phrasal	
ring off	wec-phrasal+moby-pos	挂断电话		phrasal	
ring out	wec-phrasal+moby-pos	鸣钟送别, 打卡下班		phrasal	
ring round	wec-phrasal	到处打电话		phrasal	
ring up	wec-phrasal+moby-pos	(英)打电话, (美)把款项打在现金收入记录机上, 在现金收入机上记录所付钱款\n[计] 环, 圈		phrasal	
rinse out	wec-phrasal	冲洗掉		phrasal	
rip off	wec-phrasal+moby-pos	撕掉\n[法] 抢劫, 抢掠, 诈骗		phrasal	
rise to	wec-phrasal+moby-pos	上升到		phrasal	
rise up	wec-phrasal	起义		phrasal	
rise with the sun	baiango-idiom	早起		idiom	
rock and roll	baiango-idiom	摇滚乐		idiom	
roll back	wec-phrasal	击退, 把...压低到标准水平\n[计] 回溯		phrasal	
roll by	wec-phrasal	平稳地过去, 流逝		phrasal	
roll down	wec-phrasal	滚下; 滚下来		phrasal	
roll in	wec-phrasal+moby-pos	蜂拥而来\n[电] 转入		phrasal	
roll off	wec-phrasal	印出, 复印出; 从…复印出		phrasal	
roll out	wec-phrasal	铺开, 洪亮地讲出\n[电] 滚出		phrasal	
roll over	wec-phrasal	从（边上）滚下, （使）翻滚, （使）打滚; 折		phrasal	
roll up	wec-phrasal+moby-pos	滚滚上升, 卷起, 到达, 出现, 积累成\n[化] 卷起		phrasal	
roll with the punches	baiango-idiom	（拳击手）避让对方打击以减轻受打击的力		idiom	
root about	wec-phrasal	翻来拣去,搜索		phrasal	
root for	wec-phrasal+moby-pos	支持, 赞助		phrasal	
root out	wec-phrasal+moby-pos	用鼻拱出, 发现		phrasal	
root up	wec-phrasal+moby-pos	根除, 肃清		phrasal	
rope in	wec-phrasal+moby-pos	<非正>说服（某人）（参与某项活动）; 拉拢; 笼络		phrasal	
rope off	wec-phrasal	用绳子隔开, 圈起（某地域或牲畜）		phrasal	
rope up	wec-phrasal	（两个或两个以上的爬山者）用同一条绳索系在一起		phrasal	
rough out	wec-phrasal	拟出梗概; 粗制		phrasal	
rough up	wec-phrasal+moby-pos	粗暴对待, 殴打		phrasal	
round down	wec-phrasal+moby-pos	[计] 下舍入		phrasal	
round off	wec-phrasal	完成, 把...修圆磨光\n[电] 结束		phrasal	
round on	wec-phrasal+moby-pos	对…发怒,攻击		phrasal	
round out	wec-phrasal+moby-pos	发胖, 丰满起来		phrasal	
round the bend	baiango-idiom	有精神病的, 疯的		idiom	
round up	wec-phrasal	围捕, 使集拢\n[经] 综述, 摘要, 使数目恰恰好		phrasal	
rub along	wec-phrasal+moby-pos	勉强相处		phrasal	
rub down	wec-phrasal+moby-pos	按摩, 彻底拭擦, 申斥		phrasal	
rub in	wec-phrasal+moby-pos	用力擦入, 反复讲		phrasal	
rub it in	wec-phrasal	反复讲别人不爱听的事, 反覆讲令人不快之事, 触人痛处		phrasal	
rub off	wec-phrasal+baiango-idiom+moby-pos	擦掉, 使减色		idiom	
rub out	wec-phrasal+moby-pos	擦掉		phrasal	
rub shoulders with	baiango-idiom	与…摩肩接踵,与…接近		idiom	
rub up against	wec-phrasal	擦到,沾上;碰上,遇上		phrasal	
ruck up	wec-phrasal	变皱		phrasal	
rule in	wec-phrasal	[网络] 以纳入法；划入		phrasal	
rule of thumb	baiango-idiom	[经] 约略的估计, 比较粗糙的方法		idiom	
rule out	wec-phrasal+moby-pos	划去, 排除, 取消\n[经] 排除		phrasal	
rumble on	wec-phrasal	继续下去		phrasal	
run across	wec-phrasal+moby-pos	偶遇, 跑着穿过		phrasal	
run after	wec-phrasal+moby-pos	追捕, 追求, 照顾		phrasal	
run against	wec-phrasal	撞上, 偶遇, 违反		phrasal	
run along	wec-phrasal+moby-pos	离开		phrasal	
run around	wec-phrasal+moby-pos	和...一起走动		phrasal	
run around with	wec-phrasal	与…一起到处乱跑;与…一起鬼混作乐		phrasal	
run away	wec-phrasal+moby-pos	潜逃\n[化] 失控		phrasal	
run away with	wec-phrasal	带...潜逃, 轻易获得, 消耗, 轻易接受, 失控\n[法] 潜逃, 同...私奔		phrasal	
run by	wec-phrasal	[网络] 运行者；解释给…听；问…意见		phrasal	
run down	wec-phrasal+moby-pos	跑下, 用完, 停止, 逐渐恶化, 撞倒, 搜索到, 追溯, 贬低\n[法] 停止, 诽谤, 搜捕		phrasal	
run for	wec-phrasal	竞选		phrasal	
run in	wec-phrasal+moby-pos	跑进, 顺便探访, 插入, 拘留, 试车, 接排		phrasal	
run into	wec-phrasal+moby-pos	跑进, 撞上, 遭遇, 陷入, 达到		phrasal	
run off	wec-phrasal+moby-pos	逃跑, 流掉, 进行决赛, 进行\n[经] 市场上最后一笔交易, 最后价格		phrasal	
run on	wec-phrasal+moby-pos	连续, 连写, 流逝, 涉及		phrasal	
run out	wec-phrasal+moby-pos	跑出, 离开, 流逝, 期满, 被用完, 被放出去, 伸向, 逐出\n[法] 背弃, 遗弃, 逃避		phrasal	
run out of	wec-phrasal	用完		phrasal	
run out of steam	baiango-idiom	耗尽力气,精疲力竭;减慢速度,慢下来		idiom	
run out on	wec-phrasal	抛弃,遗弃,不再支持		phrasal	
run over	wec-phrasal+moby-pos	跑过去, 溢出, 超过限度, 扼要复述, 匆匆看, 辗过\n[化] 沸腾翻出		phrasal	
run through	wec-phrasal+moby-pos	跑着穿过, 刺, 戳, 排练, 挥霍, 贯穿		phrasal	
run to	wec-phrasal+moby-pos	跑向, 达到, 发展到, 趋向		phrasal	
run up	wec-phrasal+moby-pos	向上跑, 赶制, 迅速积累, 升, 高涨\n[经] (债款等)迅速累积, 台高(价格),(物价)高涨		phrasal	
run up against	wec-phrasal	意外地碰到, 偶遇, 撞上		phrasal	
run with	wec-phrasal	收为自己的, 采用		phrasal	
rush away	wec-phrasal	[网络] 匆忙离开；冲出去		phrasal	
rush in	wec-phrasal	跑进，流进，冲进		phrasal	
rush into	wec-phrasal	仓促行动		phrasal	
rush off	wec-phrasal	仓促跑掉		phrasal	
rush out	wec-phrasal	仓促地跑出; 赶着生产出; 冲出		phrasal	
rush through	wec-phrasal	匆忙做完,草草完成;掠过		phrasal	
rustle up	wec-phrasal+moby-pos	草草弄好, 凑集到		phrasal	
sack out	wec-phrasal	睡觉		phrasal	
saddle up	wec-phrasal	给马套上鞍		phrasal	
sail into	wec-phrasal	痛骂, 攻击, 殴打, 干劲十足地开始进行, 开始大嚼, 仪态万方地走进		phrasal	
sail through	wec-phrasal+baiango-idiom	轻快地走过		idiom	
sally forth	wec-phrasal	出发, 动身		phrasal	
sally out	wec-phrasal	出击		phrasal	
salt away	wec-phrasal+moby-pos	腌肉		phrasal	
save on	wec-phrasal	节省,节约		phrasal	
save up	wec-phrasal	储蓄, 贮存		phrasal	
saw down	wec-phrasal	锯倒		phrasal	
saw off	wec-phrasal	锯掉,锯下来		phrasal	
saw up	wec-phrasal	锯成一块块		phrasal	
scale back	wec-phrasal	vt. 按比例缩减，相应缩减		phrasal	
scale down	wec-phrasal	[计] 按比例缩小\n[化] 按比例缩小		phrasal	
scale up	wec-phrasal	[化] 按比例放大		phrasal	
scar over	wec-phrasal	愈合, 结疤		phrasal	
scare away	wec-phrasal	<非正>使（某人）望而却步, 吓跑…		phrasal	
scare off	wec-phrasal	<非正>使（某人）望而却步, 吓跑…		phrasal	
scare up	wec-phrasal	凑合		phrasal	
scoop up	wec-phrasal	铲起; 舀		phrasal	
score off	wec-phrasal+moby-pos	驳倒某人		phrasal	
score out	wec-phrasal	划掉, 删去		phrasal	
scout about	wec-phrasal	到处搜寻		phrasal	
scout out	wec-phrasal	侦察		phrasal	
scrape along	wec-phrasal	勉强糊口		phrasal	
scrape by	wec-phrasal	靠…勉强度日		phrasal	
scrape in	wec-phrasal+moby-pos	勉强进入		phrasal	
scrape through	wec-phrasal+moby-pos	勉强通过		phrasal	
scrape together	wec-phrasal	积蓄,凑集,勉强凑足		phrasal	
scrape up	wec-phrasal	积攒, 拼凑到		phrasal	
scratch out	wec-phrasal	划掉, 勾去		phrasal	
screen off	wec-phrasal	用幕隔开		phrasal	
screen out	wec-phrasal	筛选出		phrasal	
screw around	wec-phrasal	<俚>鬼混		phrasal	
screw up	wec-phrasal+moby-pos	拧紧, 鼓舞, 振作		phrasal	
scrub up	wec-phrasal	在施行或参与手术之前把手和臂彻底洗净		phrasal	
seal in	wec-phrasal	将某物封住		phrasal	
seal off	wec-phrasal	把...封锁起来\n[经] 封印破损		phrasal	
seal up	wec-phrasal	密封住		phrasal	
search out	wec-phrasal	寻找到		phrasal	
see about	wec-phrasal+moby-pos	查询, 留意于, 料理		phrasal	
see eye to eye	baiango-idiom	完全一致, 有相同的看法		idiom	
see into	wec-phrasal+moby-pos	调查		phrasal	
see off	wec-phrasal+moby-pos	送行，送别; 把（某人）赶走; 欢送		phrasal	
see out	wec-phrasal+moby-pos	送某人出门;看完,坚持到底		phrasal	
see over	wec-phrasal+moby-pos	察看		phrasal	
see through	wec-phrasal+moby-pos	看穿, 识破		phrasal	
see to	wec-phrasal	负责, 注意		phrasal	
seek out	wec-phrasal+moby-pos	搜出, 挑出		phrasal	
seize on	wec-phrasal	抓住, 占有		phrasal	
seize up	wec-phrasal	中止		phrasal	
sell off	wec-phrasal+moby-pos	廉价卖清\n[经] 廉价出清(存货),(证券的)跌价		phrasal	
sell on	wec-phrasal	使人想买		phrasal	
sell out	wec-phrasal+moby-pos	卖完, 出卖, 背叛\n[经] 卖完, 出售货物, 商品售缺		phrasal	
sell up	wec-phrasal+moby-pos	卖完, 为还债而变卖		phrasal	
send away	wec-phrasal	发送, 打发走, 解雇		phrasal	
send away for	wec-phrasal	函购某物		phrasal	
send back	wec-phrasal	退还		phrasal	
send down	wec-phrasal+moby-pos	使下降, 把...向下发送		phrasal	
send for	wec-phrasal	召唤, 派人去拿		phrasal	
send in	wec-phrasal	递送, 命(或请)...进来		phrasal	
send off	wec-phrasal	寄出, 派遣, 给...送行		phrasal	
send off for	wec-phrasal	函购某物		phrasal	
send out	wec-phrasal	发送, 派遣, 放出		phrasal	
send up	wec-phrasal+moby-pos	发出, 射出, 呈交, 使上升		phrasal	
separate out	wec-phrasal	分开, 隔开		phrasal	
serve out	wec-phrasal	分发,分配		phrasal	
serve up	wec-phrasal	端上桌; 上菜; 提供; 发送		phrasal	
set about	wec-phrasal+moby-pos	开始, 散布\n[法] 着手, 开始		phrasal	
set against	wec-phrasal+moby-pos	用...抵消, 使对立, 反对		phrasal	
set apart	wec-phrasal	使分离, 留出		phrasal	
set aside	wec-phrasal+moby-pos	留出, 不顾, 取消, 驳回\n[法] 撤销, 废止, 宣告无效		phrasal	
set back	wec-phrasal+moby-pos	阻碍, 使受挫折, 往回拨		phrasal	
set down	wec-phrasal+moby-pos	放下, 使下车, 使着陆, 记下, 登记, 把...归于, 把...看作, 制定\n[法] 放下, 卸下, 写下		phrasal	
set forth	wec-phrasal+moby-pos	阐明, 宣布, 提出, 陈列, 出发\n[法] 陈述, 阐明, 宣布		phrasal	
set in	wec-phrasal+moby-pos	开始, 到来, 上涨, 插入, 流行		phrasal	
set in stone	baiango-idiom	一成不变		idiom	
set off	wec-phrasal+moby-pos	出发, 开始, 引起, 衬托, 点缀, 抵销, 分开, 划分\n[法] 抵销		phrasal	
set on	wec-phrasal+moby-pos	攻击, 前进, 怂恿, 使开始		phrasal	
set out	wec-phrasal+moby-pos	出发, 开始, 陈列, 宣布, 陈述, 栽种, 设计...的布局, 测定\n[法] 发表, 宣布, 打算		phrasal	
set to	wec-phrasal+moby-pos	开始认真干, 开始大吃, 争吵起来		phrasal	
set up	wec-phrasal+moby-pos	设立\n[化] 调定; 装置妥; 装置妥当; 装置; 装备; 建立		phrasal	
set upon	wec-phrasal	袭击, 猛攻		phrasal	
settle down	wec-phrasal+moby-pos	使舒服地坐下, 定居, 平静下来, 专心于		phrasal	
settle for	wec-phrasal+moby-pos	满足于		phrasal	
settle in	wec-phrasal+moby-pos	在新居安顿下来		phrasal	
settle into	wec-phrasal	有头绪，上正轨		phrasal	
settle on	wec-phrasal	决定, 选定; 看中; 看上; 相中		phrasal	
settle up	wec-phrasal	付清, 了结		phrasal	
sew up	wec-phrasal+moby-pos	缝合, 缝入, 解决, 决定		phrasal	
sex up	wec-phrasal	增加…的性感；渲染；吸引		phrasal	
shack up	wec-phrasal+moby-pos	过夜, 与...同居, 与...同住		phrasal	
shade into	wec-phrasal	v. 渐渐变为		phrasal	
shake down	wec-phrasal+moby-pos	摇落, 临时搭铺, 适应新环境\n[法] 敲诈, 勒索, 搜查		phrasal	
shake off	wec-phrasal+moby-pos	抖落, 摆脱		phrasal	
shake out	wec-phrasal	抖出, 打开\n[机] 振动脱砂		phrasal	
shake up	wec-phrasal+moby-pos	摇匀, 摇松, 摇醒, 重组, 震动, 震惊		phrasal	
shape up	wec-phrasal+moby-pos	成形, 形成, 顺利发展		phrasal	
share in	wec-phrasal	分享, 分担		phrasal	
share out	wec-phrasal	分给		phrasal	
shave off	wec-phrasal	剃掉,挂去,削掉		phrasal	
shell out	wec-phrasal+moby-pos	交付, 支付		phrasal	
ship off	wec-phrasal	遣送		phrasal	
ship out	wec-phrasal+moby-pos	运出		phrasal	
shoot away	wec-phrasal	继续射击, 射完		phrasal	
shoot down	wec-phrasal+moby-pos	击落		phrasal	
shoot for	wec-phrasal	争取		phrasal	
shoot from the hip	baiango-idiom	鲁莽地做事		idiom	
shoot off	wec-phrasal	发射, 击落, 打掉		phrasal	
shoot out	wec-phrasal+moby-pos	射出, 伸出, 抽出		phrasal	
shoot through	wec-phrasal+moby-pos	（澳/新西兰, 非正式）（尤指为躲避而）离开		phrasal	
shoot up	wec-phrasal+moby-pos	射出, 发芽, 暴涨		phrasal	
shop around	wec-phrasal+moby-pos	逐店进行搜购, 到处寻找好职业, 到处寻找好主意		phrasal	
shore up	wec-phrasal	支持		phrasal	
short out	wec-phrasal	[化] 短路		phrasal	
shout down	wec-phrasal+moby-pos	大声呼喊使不能继续讲下去		phrasal	
shout out	wec-phrasal	突然呼喊		phrasal	
shove off	wec-phrasal+moby-pos	开船, 离开		phrasal	
show around	wec-phrasal	到处看看		phrasal	
show in	wec-phrasal	领进来,引进		phrasal	
show off	wec-phrasal+moby-pos	炫耀, 卖弄, 使显眼		phrasal	
show out	wec-phrasal	送出（客人）		phrasal	
show through	wec-phrasal	显现,显露,透露;隐约显露,能够看见		phrasal	
show up	wec-phrasal+moby-pos	揭露, 露出, 露面		phrasal	
shrink from	wec-phrasal	因害怕而避开; 憷		phrasal	
shrug off	wec-phrasal+moby-pos	耸肩表示蔑视, 抖落, 摆脱		phrasal	
shuck off	wec-phrasal	剥去, 脱去, 摆脱		phrasal	
shuffle through	wec-phrasal	马虎地做		phrasal	
shut away	wec-phrasal	关起来		phrasal	
shut down	wec-phrasal	关闭\n[化] 停产; 停车; 停炉; (发动机)熄火		phrasal	
shut in	wec-phrasal	关进, 禁闭, 降临		phrasal	
shut off	wec-phrasal	关掉, 切断\n[化] 截断(电流)		phrasal	
shut out	wec-phrasal	关在外面, 遮住, 防止, 使不能得分		phrasal	
shut up	wec-phrasal+moby-pos	关闭, 监禁, 住口, 保藏		phrasal	
shy away	wec-phrasal	避开, 回避		phrasal	
shy away from	wec-phrasal	（由于羞怯等）躲开[避开]		phrasal	
side with	wec-phrasal	同意, 站在...的一边		phrasal	
sift through	wec-phrasal	被筛下, 通过		phrasal	
sign away	wec-phrasal+moby-pos	签字放弃		phrasal	
sign for	wec-phrasal	签领		phrasal	
sign in	wec-phrasal+moby-pos	签到, 签收\n[计] 注册		phrasal	
sign off	wec-phrasal+moby-pos	停止广播, 停止活动		phrasal	
sign on	wec-phrasal+moby-pos	签约雇用, 开始广播		phrasal	
sign out	wec-phrasal+moby-pos	签名登记离开		phrasal	
sign over	wec-phrasal	签字移交		phrasal	
sign up	wec-phrasal+moby-pos	签约参加工作, 签约雇用		phrasal	
silt up	wec-phrasal	(使)淤塞		phrasal	
simmer down	wec-phrasal+moby-pos	被煮浓, 息怒		phrasal	
sing a different tune	baiango-idiom	改变调子, 转变态度		idiom	
sing along	wec-phrasal	n. 歌咏会；歌唱聚会		phrasal	
sing out	wec-phrasal+moby-pos	[法] 向法院或警方自供, 告密		phrasal	
sing up	wec-phrasal	更用力地唱		phrasal	
single out	wec-phrasal	挑选; 抉		phrasal	
sink in	wec-phrasal+moby-pos	完全被弄懂, 渗入, 透入		phrasal	
sink or swim	baiango-idiom	不管成败如何, 沉浮全看自己		idiom	
sit about	wec-phrasal	坐着不干, 袖手旁观		phrasal	
sit around	wec-phrasal	坐着不干, 袖手旁观		phrasal	
sit back	wec-phrasal+moby-pos	不采取行动, 向后靠着坐		phrasal	
sit by	wec-phrasal	坐在旁边, 守护照料, 无动于衷		phrasal	
sit down	wec-phrasal+moby-pos	坐下, 占据, 参加静坐罢工(或示威)		phrasal	
sit for	wec-phrasal	参加,应;代表…担任议员		phrasal	
sit in	wec-phrasal	代人暂时照料, 参加静坐罢工		phrasal	
sit in on	wec-phrasal	列席, 旁听		phrasal	
sit on	wec-phrasal+moby-pos	为...的一员, 开会讨论, 审理, 拖延, 管教\n[法] 调查, 询问, 占有一席次		phrasal	
sit on the fence	baiango-idiom	采取骑墙态度, 保持中立		idiom	
sit out	wec-phrasal+moby-pos	袖手旁观, 比...坐得久, 坐到结束, 坐在户外		phrasal	
sit over	wec-phrasal+moby-pos	坐在...左手, 靠边坐让出地盘		phrasal	
sit through	wec-phrasal	坐着捱到结束, 耐着性子看完		phrasal	
sit up	wec-phrasal+moby-pos	坐起, 端坐, 熬夜, 诧异		phrasal	
sit with	wec-phrasal	临时替人照看		phrasal	
sitting duck	baiango-idiom+moby-pos	易被击中的目标, 易被欺骗的对象\n[法] 易于欺骗的对象, 易于射中的目标		idiom	
size up	wec-phrasal+moby-pos	估计, 合格		phrasal	
skate over	wec-phrasal+moby-pos	掠过, 滑过		phrasal	
sketch in	wec-phrasal	粗略地添加,简略地补充		phrasal	
sketch out	wec-phrasal	草拟, 概略地叙述		phrasal	
skin up	wec-phrasal	（英, 非正式）制作大麻香烟		phrasal	
slack off	wec-phrasal	松懈, 偷懒\n[经] 偷工, 怠工		phrasal	
slacken off	wec-phrasal	松懈下来; 变迟缓; 松驰; 减弱		phrasal	
slap around	wec-phrasal	打击, 粗暴地对待		phrasal	
slap down	wec-phrasal+moby-pos	粗暴地禁止, 镇压		phrasal	
slap on	wec-phrasal	随意地穿[戴]上; 把…胡乱涂上去; <非正>在…上强行加（价）; 用掌拍打（某人）的（某部位）		phrasal	
sleep around	wec-phrasal+moby-pos	到处乱搞男女关系\n[法] 随便发生性行为, 乱搞男女关系		phrasal	
sleep away	wec-phrasal	以睡眠消除		phrasal	
sleep in	wec-phrasal+moby-pos	住在工作地方, 迟起床, 睡过头		phrasal	
sleep like a log	baiango-idiom	熟睡		idiom	
sleep off	wec-phrasal+moby-pos	用睡觉消除		phrasal	
sleep on	wec-phrasal	继续睡,暂且搁置,推迟,留待以后再解决		phrasal	
sleep on it	baiango-idiom	把问题留到第二天解决		idiom	
sleep out	wec-phrasal	睡在露天, 不住在工作处		phrasal	
sleep over	wec-phrasal	不在家过夜		phrasal	
sleep through	wec-phrasal	睡过头		phrasal	
sleep together	wec-phrasal	同床, 发生性关系, 性交		phrasal	
sleep with	wec-phrasal+moby-pos	与…发生性关系		phrasal	
slice off	wec-phrasal	切开, 割掉		phrasal	
slice up	wec-phrasal	切片		phrasal	
slim down	wec-phrasal	消瘦		phrasal	
slip away	wec-phrasal	不告而别		phrasal	
slip by	wec-phrasal	荏苒；蒙混过关		phrasal	
slip in	wec-phrasal	悄悄溜入；偷偷溜进去		phrasal	
slip into	wec-phrasal	匆忙穿上		phrasal	
slip off	wec-phrasal	不告而别		phrasal	
slip on	wec-phrasal	套衫		phrasal	
slip out	wec-phrasal	熘出,悄悄地离开		phrasal	
slip through	wec-phrasal	悄悄通过		phrasal	
slip up	wec-phrasal+moby-pos	疏忽\n[法] 犯错误, 失误, 疏忽		phrasal	
slobber over	wec-phrasal	[网络] 过分宠爱		phrasal	
slope off	wec-phrasal	逃走		phrasal	
slosh around	wec-phrasal	左右晃动		phrasal	
slough off	wec-phrasal+moby-pos	抛弃, 丢弃		phrasal	
slow down	wec-phrasal	(使)慢下来		phrasal	
slow up	wec-phrasal	(使)慢下来		phrasal	
smack of	wec-phrasal	有…的味道,有点像…		phrasal	
smarten up	wec-phrasal	(使)变漂亮, (使)变潇洒, (使)变时髦		phrasal	
smash into	wec-phrasal	砰然坠入,撞上		phrasal	
smash up	wec-phrasal	砸坏（某物）, 使受损坏; 捣毁		phrasal	
smoke out	wec-phrasal+moby-pos	用烟熏出, 查出		phrasal	
smooth over	wec-phrasal+moby-pos	缓和, 掩饰		phrasal	
snap off	wec-phrasal	折断; 啪地关灯		phrasal	
snap up	wec-phrasal+moby-pos	抢购		phrasal	
snarl up	wec-phrasal	使缠结：；使(交通等)堵塞：		phrasal	
sneak out	wec-phrasal	偷偷地走出		phrasal	
sneak up	wec-phrasal	悄悄来临		phrasal	
sneak up on	wec-phrasal	不知不觉地来到,潜上		phrasal	
sniff around	wec-phrasal	四处探寻\n探查\n试图追求（某人）\n企图挖走（某人）		phrasal	
sniff at	wec-phrasal+moby-pos	蔑视,轻视;不理睬,瞧不起		phrasal	
sniff out	wec-phrasal+moby-pos	发现, 寻找		phrasal	
snuff out	wec-phrasal	扼杀, 消灭, 死掉		phrasal	
soak in	wec-phrasal	吸收		phrasal	
soak up	wec-phrasal	吸收		phrasal	
sober up	wec-phrasal	清醒起来		phrasal	
sock away	wec-phrasal+moby-pos	把钱存放在一边		phrasal	
sock in	wec-phrasal	阻止...飞行, 关闭(机场)		phrasal	
sod off	wec-phrasal+moby-pos	走开,滚开		phrasal	
soften up	wec-phrasal+moby-pos	使软化		phrasal	
soldier on	wec-phrasal+moby-pos	迎着困难干, 坚持着干		phrasal	
sort out	wec-phrasal+moby-pos	挑选出		phrasal	
sound off	wec-phrasal+moby-pos	直率陈述, 奏序曲, 报数, 提高声音说话, 吹号		phrasal	
sound out	wec-phrasal+moby-pos	试探		phrasal	
soup up	wec-phrasal+moby-pos	加大马力, 加快飞机速度		phrasal	
sour grapes	baiango-idiom+moby-pos	酸葡萄		idiom	
spark off	wec-phrasal+moby-pos	导致, 为…的直接原因		phrasal	
speak for	wec-phrasal+moby-pos	代表...讲话, 要求得到, 订购		phrasal	
speak of	wec-phrasal	谈到..., 论及...		phrasal	
speak of the devil	baiango-idiom	说曹操曹操到		idiom	
speak out	wec-phrasal+moby-pos	大胆地说, 大声地说		phrasal	
speak to	wec-phrasal+moby-pos	对...说话, 说到, 责备, 证明		phrasal	
speak up	wec-phrasal+moby-pos	更大声地说, 大胆说出, 无保留地说出		phrasal	
speed up	wec-phrasal+moby-pos	加速\n[经] 加速		phrasal	
spell out	wec-phrasal+moby-pos	讲清楚, 清楚地说明		phrasal	
spew out	wec-phrasal	（使）喷涌出		phrasal	
spice up	wec-phrasal	增添情趣, 增添趣味		phrasal	
spiff up	wec-phrasal	[网络] 爬起来		phrasal	
spill out	wec-phrasal	溢出, 洒出		phrasal	
spill over	wec-phrasal+moby-pos	[经] 可用于民用的太空技术或军事技术		phrasal	
spill the beans	baiango-idiom	说漏嘴		idiom	
spin off	wec-phrasal	创造新的事物而不影响原物的大小[稳定性]		phrasal	
spin out	wec-phrasal+moby-pos	消磨, 拖延		phrasal	
spirit away	wec-phrasal	偷走, 拐走		phrasal	
spirit off	wec-phrasal	= spirit away		phrasal	
spit at	wec-phrasal	向...吐唾沫, 对...表示藐视, 对...表示憎恶, 对...表示侮辱		phrasal	
spit it out	wec-phrasal	大胆说出,坦率说出		phrasal	
spit out	wec-phrasal	吐出…; 愤怒地说; 唾		phrasal	
spit up	wec-phrasal	咯出…		phrasal	
splash around	wec-phrasal	玩水\n四处飞溅		phrasal	
splash down	wec-phrasal	溅落		phrasal	
splash out	wec-phrasal+moby-pos	溅出;随意花钱,大肆挥霍		phrasal	
split up	wec-phrasal+moby-pos	<非正>瓜分; 劈成; （使）分成若干小部分; <非正>（使）断绝关系		phrasal	
sponge down	wec-phrasal+moby-pos	用海绵擦洗		phrasal	
sponge off	wec-phrasal+moby-pos	（用海绵）拭去, 除去; 依赖…生活		phrasal	
sponge on	wec-phrasal	依赖		phrasal	
spread out	wec-phrasal	伸展, 延长; 分散; 铺设; 衍		phrasal	
spring back	wec-phrasal	[机] 弹返		phrasal	
spring from	wec-phrasal	从…中涌出,出自,来自,由…引起		phrasal	
spring up	wec-phrasal	出现		phrasal	
spruce up	wec-phrasal+moby-pos	打扮整齐		phrasal	
spur on	wec-phrasal	鼓舞,鞭策,激励		phrasal	
spy on	wec-phrasal	侦查, 暗中监视		phrasal	
spy out	wec-phrasal+moby-pos	[法] 秘密监视, 秘密侦察而发现		phrasal	
square away	wec-phrasal+moby-pos	迎风扬帆, 摆好姿势, 把一切弄整齐		phrasal	
square off	wec-phrasal+moby-pos	摆出自卫或攻击的架式		phrasal	
square up	wec-phrasal+moby-pos	清帐, 摆好架势\n[经] 清帐, 结算清楚		phrasal	
square with	wec-phrasal	与…相符,与…一致		phrasal	
squeeze in	wec-phrasal	挤进去		phrasal	
squeeze out	wec-phrasal	榨出, 挤出\n[计] 排出; 压出		phrasal	
squirrel away	wec-phrasal	贮存		phrasal	
stack up	wec-phrasal	加起来		phrasal	
stack up against	wec-phrasal	较量, 争胜负		phrasal	
stake out	wec-phrasal	立桩标出, 监视\n[法] 盯梢, 派警察监视嫌疑犯或某一地方		phrasal	
stamp on	wec-phrasal	踩踏, 阻拦		phrasal	
stamp out	wec-phrasal+moby-pos	扑灭, 踩灭		phrasal	
stand about	wec-phrasal	闲站着		phrasal	
stand against	wec-phrasal	反对,经受住		phrasal	
stand aside	wec-phrasal	站开, 躲开, 避开		phrasal	
stand at	wec-phrasal	犹豫不决，踌躇		phrasal	
stand back	wec-phrasal	退后		phrasal	
stand by	wec-phrasal+moby-pos	支持, 遵守, 袖手旁观, 准备行动\n[经] 备用, 支持, 作好准备		phrasal	
stand down	wec-phrasal+moby-pos	离开证人席, 退出, 顺潮航行\n[法] 离开证人席, 退休, 撤退		phrasal	
stand for	wec-phrasal+moby-pos	代表, 代替, 象征, 支持, 担任...的候选人\n[法] 代替, 代表, 拥护		phrasal	
stand in	wec-phrasal+moby-pos	代演员站位, 使花费		phrasal	
stand in for	wec-phrasal	替代,暂代,代理		phrasal	
stand out	wec-phrasal+moby-pos	突出, 坚持抵抗		phrasal	
stand out against	wec-phrasal	在…的衬託下显得很突出		phrasal	
stand over	wec-phrasal+moby-pos	延期, 监督\n[法] 延缓, 展期, 悬而未决		phrasal	
stand up	wec-phrasal+moby-pos	站起来, 竖立, 站得住脚, 经得起		phrasal	
stand up for	wec-phrasal	支持\n[法] 坚持, 维护, 辩护		phrasal	
stand up to	wec-phrasal	经得起..., 勇敢地面对, 抵抗		phrasal	
stare down	wec-phrasal	盯得局促不安：盯视或仿佛盯视而导致动摇或屈服		phrasal	
start back	wec-phrasal	畏缩		phrasal	
start in	wec-phrasal+moby-pos	开始		phrasal	
start off	wec-phrasal+moby-pos	出发, 开始		phrasal	
start on	wec-phrasal+moby-pos	开始		phrasal	
start out	wec-phrasal+moby-pos	出发, 动身		phrasal	
start over	wec-phrasal	重新开始		phrasal	
start up	wec-phrasal+moby-pos	突然站起, 突然出现, 发动, 开动		phrasal	
stash away	wec-phrasal	n. 隐藏处; 藏起, 隐藏（某物）		phrasal	
stave in	wec-phrasal	使向内塌陷; 压凹; 撞扁; 冲过		phrasal	
stave off	wec-phrasal+moby-pos	避开, 挡开, 延迟		phrasal	
stay away	wec-phrasal	外出		phrasal	
stay away from	wec-phrasal	离开,不接近…		phrasal	
stay down	wec-phrasal	停留在下面,卧倒		phrasal	
stay in	wec-phrasal	在家, 不外出\n[法] 静坐		phrasal	
stay off	wec-phrasal	vt. 不要上（路）; 远离（某地）		phrasal	
stay on	wec-phrasal	继续停留		phrasal	
stay out	wec-phrasal+moby-pos	呆在户外		phrasal	
stay over	wec-phrasal	过夜		phrasal	
stay together	wec-phrasal	在一起（歌曲名）		phrasal	
stay up	wec-phrasal	不睡觉		phrasal	
stay with	wec-phrasal	与...并驾齐驱		phrasal	
steal away	wec-phrasal	溜掉		phrasal	
steal over	wec-phrasal	悄悄地到来,不知不觉地到来,逐渐弥漫		phrasal	
steal the show	baiango-idiom	抢出风头		idiom	
steam up	wec-phrasal+moby-pos	促进, 使发怒, 使有蒸汽		phrasal	
steer clear of	wec-phrasal+baiango-idiom	避开, 绕开		idiom	
stem from	wec-phrasal	起源于,出自,出身于…		phrasal	
step aside	wec-phrasal	避开		phrasal	
step back	wec-phrasal	后退，退居不重要的部位; 退坡儿; 退后; 却		phrasal	
step down	wec-phrasal+moby-pos	走下, 逐步减低, 辞职, 下台		phrasal	
step forward	wec-phrasal	向前走; 站出来; 迈步		phrasal	
step in	wec-phrasal+moby-pos	走进, 干涉, 作短时间的非正式访问		phrasal	
step on	wec-phrasal+moby-pos	踩上..., 踏上...		phrasal	
step on it	wec-phrasal	赶快, 加快摩托车速度		phrasal	
step out	wec-phrasal+moby-pos	以步测量\n[电] 不同步		phrasal	
step up	wec-phrasal+moby-pos	走近, 逐步增加, 提升, 提高		phrasal	
stick around	wec-phrasal	逗留		phrasal	
stick at	wec-phrasal+moby-pos	迟疑, 犹豫, 坚持		phrasal	
stick by	wec-phrasal+moby-pos	忠于		phrasal	
stick down	wec-phrasal+moby-pos	放下, 写下, 粘住		phrasal	
stick on	wec-phrasal	保持在...之上, 贴上		phrasal	
stick out	wec-phrasal+moby-pos	(使)突出, (非正式)明显, 醒目		phrasal	
stick out for	wec-phrasal	坚持索取		phrasal	
stick to	wec-phrasal+moby-pos	粘住		phrasal	
stick together	wec-phrasal+moby-pos	团结友爱, 互相支持		phrasal	
stick up	wec-phrasal	竖起		phrasal	
stick up for	wec-phrasal	支持, 维护		phrasal	
stick with	wec-phrasal+moby-pos	继续做; 跟着…; 插满		phrasal	
stink out	wec-phrasal+moby-pos	把…熏出（屋去）, 使充满难闻的味道		phrasal	
stir up	wec-phrasal+moby-pos	激起, 鼓动, 煽动\n[化] 搅拌		phrasal	
stitch up	wec-phrasal	缝合,缝起来		phrasal	
stock up	wec-phrasal	备货		phrasal	
stoop down	wec-phrasal	弯腰		phrasal	
stop by	wec-phrasal	顺便访问		phrasal	
stop in	wec-phrasal+moby-pos	顺便访问		phrasal	
stop off	wec-phrasal	中途停留\n[机] 虚筋, 挡块		phrasal	
stop out	wec-phrasal+moby-pos	覆盖...使其不受腐蚀		phrasal	
stop over	wec-phrasal	[经] 中途停留		phrasal	
stop up	wec-phrasal	塞住		phrasal	
store up	wec-phrasal	储存,积聚		phrasal	
storm in a teacup	baiango-idiom	小事引起的大风波, 小题大做		idiom	
storm out	wec-phrasal	猛冲而出, 快走, 快驰		phrasal	
stow away	wec-phrasal	偷乘		phrasal	
straighten out	wec-phrasal+moby-pos	改正, 清理, 澄清		phrasal	
straighten up	wec-phrasal+moby-pos	挺直, 改正, 清理, 澄清		phrasal	
stretch out	wec-phrasal	伸手, 开始大踏步走		phrasal	
strike a chord	baiango-idiom	引起共鸣		idiom	
strike at	wec-phrasal	向…打击,向…进攻		phrasal	
strike back	wec-phrasal	回击		phrasal	
strike down	wec-phrasal+moby-pos	击倒, 杀死\n[法] 击倒, 杀死		phrasal	
strike off	wec-phrasal+moby-pos	击断, 删去, 印出\n[经] 勾销, 取销		phrasal	
strike on	wec-phrasal	偶然想起,偶然遇到		phrasal	
strike out	wec-phrasal+moby-pos	狠打, 冲压成, 产生, 勾掉\n[法] 打击, 搞出, 设计出		phrasal	
strike up	wec-phrasal+moby-pos	开始演奏, 建立起, 使开始		phrasal	
string along	wec-phrasal+moby-pos	欺骗, 引入歧途		phrasal	
string out	wec-phrasal	排列成行, 拖延时间		phrasal	
string up	wec-phrasal	使兴奋, 使敏感		phrasal	
strip away	wec-phrasal	揭掉,去掉		phrasal	
strip down	wec-phrasal	脱光衣服		phrasal	
strip of	wec-phrasal	剥夺,搬掉		phrasal	
strip off	wec-phrasal	剥去,脱去,除去		phrasal	
strip out	wec-phrasal	拿走所有东西\n剥除\n剔除		phrasal	
stub out	wec-phrasal	踩熄		phrasal	
stuff up	wec-phrasal	塞满,堵塞		phrasal	
stumble across	wec-phrasal	偶然发现		phrasal	
stumble into	wec-phrasal	跌入,无意中进入,误入,无意中发现,偶然找到		phrasal	
stumble upon	wec-phrasal	偶然发现		phrasal	
stump up	wec-phrasal+moby-pos	付出所需要的钱, 拿出一笔钱, 拿出		phrasal	
subscribe for	wec-phrasal	预订, 认购		phrasal	
subscribe to	wec-phrasal	预订, 同意, 订阅		phrasal	
suck in	wec-phrasal+moby-pos	吸收, 吞没\n[法] 欺骗, 失望, 失败		phrasal	
suck off	wec-phrasal+moby-pos	拍...马屁		phrasal	
suck up	wec-phrasal	吸收		phrasal	
suck up to	wec-phrasal	讨好,拍…的马屁		phrasal	
sum up	wec-phrasal+moby-pos	计算...的总数, 概括, 总结\n[法] 总结, 概述		phrasal	
summon up	wec-phrasal	振作, 鼓起		phrasal	
suss out	wec-phrasal	弄清楚		phrasal	
swallow up	wec-phrasal	淹没, 耗尽		phrasal	
swarm with	wec-phrasal	充满		phrasal	
swear by	wec-phrasal	对...发誓, 信赖		phrasal	
swear in	wec-phrasal+moby-pos	使宣誓就职\n[法] 使宣誓就职		phrasal	
swear off	wec-phrasal+moby-pos	发誓戒除\n[法] 立誓弃绝		phrasal	
swear to	wec-phrasal	断言		phrasal	
sweat off	wec-phrasal+moby-pos	因出汗而减轻		phrasal	
sweep away	wec-phrasal	扫除; 刮走; 冲走; 清除		phrasal	
sweep over	wec-phrasal	风靡; 向…扩展; 眺望; 环视		phrasal	
sweep through	wec-phrasal	（使）扫过…, （使）掠过…, （使）迅速传遍于…		phrasal	
sweep up	wec-phrasal	清扫		phrasal	
swell up	wec-phrasal	膨胀, 肿起; 感到自豪; 涨; 隆		phrasal	
swing around	wec-phrasal	使转过		phrasal	
swing by	wec-phrasal	用…吊挂；路经；短暂拜访		phrasal	
switch off	wec-phrasal+moby-pos	切断\n[电] 断接		phrasal	
switch on	wec-phrasal+moby-pos	接通\n[化] 接通		phrasal	
switch over	wec-phrasal	[计] 转接, 切换		phrasal	
swot up	wec-phrasal	<口>用功学习各门功课（通常指考试前临时抱佛脚）		phrasal	
tack on	wec-phrasal	v. 添加		phrasal	
tag along	wec-phrasal	尾随		phrasal	
tag on	wec-phrasal	把…附加在后面		phrasal	
tail away	wec-phrasal	变少, 缩小, 减弱, 减缩		phrasal	
tail back	wec-phrasal	（英）（交通）堵塞排成长队		phrasal	
tail off	wec-phrasal+moby-pos	缩小, 变少		phrasal	
take aback	wec-phrasal+moby-pos	使吃惊, 使惊呆		phrasal	
take after	wec-phrasal+moby-pos	像, 学样\n[法] 象, 相似, 追赶		phrasal	
take against	wec-phrasal	反对		phrasal	
take apart	wec-phrasal+moby-pos	拆开		phrasal	
take away	wec-phrasal	取走		phrasal	
take back	wec-phrasal+moby-pos	送还\n[法] 撤消, 撤回, 重新获得		phrasal	
take down	wec-phrasal+moby-pos	拿下, 记下, 拆卸, 病倒\n[法] 纪录, 拆毁, 病倒		phrasal	
take flight	baiango-idiom	出奔；逃走；逃跑		idiom	
take for	wec-phrasal+moby-pos	认为, 以为\n[法] 当作, 误认为		phrasal	
take in	wec-phrasal+moby-pos	接受, 接待, 吸收, 改小, 理解, 注意到, 包括, 轻信, 欺骗, 观看, 拘留\n[法] 收容, 了解, 接受		phrasal	
take it	wec-phrasal	猜想，以为，断定		phrasal	
take off	wec-phrasal+moby-pos	拿掉, 取消, 脱下, 领走, 减去, 复制, 起飞, 离开, 岔开\n[经] 取消		phrasal	
take on	wec-phrasal+moby-pos	呈现, 具有, 雇用, 接纳, 承担, 同...较量, 流行, 盛气凌人		phrasal	
take out	wec-phrasal+moby-pos	拿出, 取出, 去掉, 扣除, 发泄, 抵充, 取得, 出发\n[化] 取出		phrasal	
take over	wec-phrasal+moby-pos	接收, 接管\n[法] 接管, 接受, 让受		phrasal	
take to	wec-phrasal+moby-pos	开始, 喜欢, 沉溺于, 走向		phrasal	
take up	wec-phrasal+moby-pos	拿起, 开始从事, 继续, 接纳, 吸收, 占据, 拘捕, 承兑, 认购, 绷紧\n[经] 付清, 承兑(汇票), 认购(债券等)		phrasal	
take up with	wec-phrasal	与...亲密交往, 致力于\n[法] 忍受, 接受, 采用		phrasal	
talk away	wec-phrasal	不断地谈, 在谈话中度过		phrasal	
talk back	wec-phrasal+moby-pos	顶嘴, 反驳		phrasal	
talk down	wec-phrasal+moby-pos	大声说话盖住（某人）, 不给（某人）说话机会; 以高人一等的口气对 ... 讲话		phrasal	
talk into	wec-phrasal+moby-pos	说服（某人）做（某事）		phrasal	
talk out	wec-phrasal+moby-pos	把...谈透, 通过商谈消除分歧, 响亮地说		phrasal	
talk out of	wec-phrasal	劝服（某人）不做（某事）		phrasal	
talk over	wec-phrasal	商量, 讨论, 说服\n[法] 以口才使改变立场, 商量, 讨论		phrasal	
talk round	wec-phrasal+moby-pos	说服, 兜圈子谈		phrasal	
talk to	wec-phrasal	同（某人）谈话; 责骂		phrasal	
talk up	wec-phrasal	大声讲, 大胆讲, 赞扬		phrasal	
tally up	wec-phrasal	[计] 加1		phrasal	
tangle with	wec-phrasal	v. 吵架, 争论		phrasal	
tank up	wec-phrasal+moby-pos	(给...)灌满一油箱的油, 喝大量的酒		phrasal	
tap into	wec-phrasal	利用, 开发		phrasal	
tap out	wec-phrasal	敲出		phrasal	
taper off	wec-phrasal	使一头逐渐变细, 逐渐停止\n[法] 逐渐衰亡, 逐渐消失, 逐渐减少		phrasal	
tart up	wec-phrasal+moby-pos	使增加香味或兴趣		phrasal	
team up	wec-phrasal	合作, 协作		phrasal	
tear apart	wec-phrasal	扯开; 把…弄乱; 使心碎; 把…痛苦地分开		phrasal	
tear at	wec-phrasal	撕扯		phrasal	
tear away	wec-phrasal+moby-pos	勉强使离开; 硬行拉走		phrasal	
tear down	wec-phrasal+moby-pos	扯下, 拆卸, 逐条驳斥, 诋毁		phrasal	
tear into	wec-phrasal+moby-pos	洞穿, 猛攻		phrasal	
tear off	wec-phrasal+moby-pos	扯掉, 跑掉, 匆匆写成		phrasal	
tear up	wec-phrasal	撕成碎片; 挖开（地面等）; 撕掉; 撕毁		phrasal	
tease out	wec-phrasal	哄取：通过或好象通过用锋利的工具或装置解开或放出而得到		phrasal	
tee off	wec-phrasal+moby-pos	发球, 开始		phrasal	
tee off on	wec-phrasal	猛烈抨击, 责备		phrasal	
tee up	wec-phrasal	把球置于球座上, 安排		phrasal	
teem with	wec-phrasal	充满		phrasal	
tell apart	wec-phrasal+moby-pos	分辨		phrasal	
tell of	wec-phrasal	讲述		phrasal	
tell off	wec-phrasal+moby-pos	分派出, 责备		phrasal	
tell on	wec-phrasal	告发; 产生（坏的）影响		phrasal	
tense up	wec-phrasal	紧张		phrasal	
the early bird catches the worm	baiango-idiom	捷足先登;先下手为强		idiom	
the last straw	baiango-idiom	终于使人无法忍受的最后一击, 导火线		idiom	
the plot thickens	baiango-idiom	问题变得复杂了,情节复杂化了		idiom	
think back	wec-phrasal	回想		phrasal	
think out	wec-phrasal+moby-pos	彻底思考, 设计出		phrasal	
think over	wec-phrasal+moby-pos	仔细考虑		phrasal	
think through	wec-phrasal	彻底地全面考虑		phrasal	
think up	wec-phrasal+moby-pos	想出, 发明		phrasal	
thirst for	wec-phrasal	渴望, 热望		phrasal	
thrash out	wec-phrasal+moby-pos	研究解决		phrasal	
thrive on	wec-phrasal	靠吃…而繁衍兴旺		phrasal	
through thick and thin	baiango-idiom	不畏艰险		idiom	
throw aside	wec-phrasal	扔到一边,丢弃		phrasal	
throw away	wec-phrasal	丢弃		phrasal	
throw back	wec-phrasal	扔回, 阻止, 被迫依靠, 反射		phrasal	
throw in	wec-phrasal	扔进, 接合, 啮合, 入伙, 参加合伙经营		phrasal	
throw in the towel	baiango-idiom	认输		idiom	
throw off	wec-phrasal+moby-pos	扔开, 摆脱, 匆匆脱下		phrasal	
throw on	wec-phrasal	匆匆穿上		phrasal	
throw out	wec-phrasal+moby-pos	伸出, 扔掉, 说出, 解雇, 拒绝, 显示, 散发出, 放出, 派出, 使延伸, 打扰, 使出局\n[法] 否决, 发表, 拒绝		phrasal	
throw over	wec-phrasal+moby-pos	抛弃, 使覆盖\n[法] 放弃, 遗弃, 拒绝		phrasal	
throw together	wec-phrasal+moby-pos	匆匆拼凑		phrasal	
throw up	wec-phrasal+moby-pos	呕吐, 猛地举起, 放弃, 产生, 使显眼		phrasal	
thrust aside	wec-phrasal	把…勐地推到一旁;断然拒绝…		phrasal	
thumb through	wec-phrasal	翻查		phrasal	
thump out	wec-phrasal	（机械地）弹奏		phrasal	
tick away	wec-phrasal	使（分秒）在滴答声中溜走		phrasal	
tick off	wec-phrasal+moby-pos	用记号勾出, 列举, 简略地描述		phrasal	
tick over	wec-phrasal	踌躇, 吞吞吐吐, 慢吞吞地工作		phrasal	
tide over	wec-phrasal+moby-pos	度过, 克服		phrasal	
tidy up	wec-phrasal	整理		phrasal	
tie down	wec-phrasal	束缚\n[法] 限制, 约束		phrasal	
tie in	wec-phrasal	结合成一体, 相配, 有联系		phrasal	
tie up	wec-phrasal	绑好, 缚牢, 包扎, 停泊, 阻碍, 合伙, 密切联系, 占用\n[法] 罢工, 停滞		phrasal	
tighten up	wec-phrasal	使紧密, 加强; 收紧		phrasal	
time flies	baiango-idiom	乌飞兔走；时光飞逝		idiom	
time out	wec-phrasal	n. [体]暂停比赛时间; [计]超时		phrasal	
tip off	wec-phrasal	向...泄露, 暗中通知某人		phrasal	
tip over	wec-phrasal	使翻倒		phrasal	
tip up	wec-phrasal	（使）倾斜; （使）围绕铰链; 枢轴向上翻起; <俚>付款		phrasal	
tire of	wec-phrasal	厌烦		phrasal	
tire out	wec-phrasal	使十分疲劳		phrasal	
tone down	wec-phrasal+moby-pos	降低, 柔和, 缓和\n[经] 降低, 使缓和		phrasal	
tone in with	wec-phrasal	与...协调		phrasal	
tone up	wec-phrasal+moby-pos	增强		phrasal	
tool up	wec-phrasal	给…装备机床		phrasal	
top hat	baiango-idiom+moby-pos	高顶黑色大礼帽		idiom	
top of the line	baiango-idiom	n. 极品		idiom	
top off	wec-phrasal+moby-pos	达到顶点, 结束, 完成		phrasal	
top out	wec-phrasal+moby-pos	举行建筑物落成典礼; 达到最高点		phrasal	
top up	wec-phrasal+moby-pos	加满		phrasal	
toss about	wec-phrasal	辗转反侧,翻来覆去		phrasal	
toss back	wec-phrasal	扔回来\n抛回来		phrasal	
toss for	wec-phrasal	掷钱币以确定…		phrasal	
toss off	wec-phrasal+moby-pos	一饮而尽, 轻而易举地处理		phrasal	
toss out	wec-phrasal	丢弃, 扔掉		phrasal	
toss up	wec-phrasal	匆匆准备, 掷钱币		phrasal	
tot up	wec-phrasal	合计		phrasal	
touch down	wec-phrasal	攻方持球触地得分, (飞机着陆过程中)触地		phrasal	
touch off	wec-phrasal+moby-pos	触发, 使炸裂, 激起, 勾划出		phrasal	
touch on	wec-phrasal	与...有关, 涉及..., 提到..., 提及, 谈及		phrasal	
touch up	wec-phrasal	润色, 唤起		phrasal	
touch upon	wec-phrasal	与...有关, 涉及..., 提到..., 提及, 谈及		phrasal	
toy with	wec-phrasal	玩弄, 不很认真地考虑		phrasal	
track down	wec-phrasal+moby-pos	追捕到\n[法] 追踪至捕获, 探索至发现		phrasal	
trade down	wec-phrasal	[法] 以高价物品交换廉价物品		phrasal	
trade in	wec-phrasal	[法] 折价换取, 经营, 做买卖		phrasal	
trade off	wec-phrasal	交替换位, 交替使用, 卖掉\n[法] 卖掉		phrasal	
trade on	wec-phrasal+moby-pos	利用		phrasal	
trade up	wec-phrasal	买进更高价的东西		phrasal	
trade upon	wec-phrasal	(为自私的目的)利用		phrasal	
trail away	wec-phrasal+moby-pos	散去; （声音）逐渐变弱		phrasal	
trail off	wec-phrasal	减弱, 缩小		phrasal	
train up	wec-phrasal	培养,训练		phrasal	
treat with	wec-phrasal	和…谈判		phrasal	
trespass on	wec-phrasal	侵犯, 非法侵入, 打扰, 妨碍		phrasal	
trick out	wec-phrasal+moby-pos	装饰, 打扮		phrasal	
trickle down	wec-phrasal	向下滴流		phrasal	
trifle with	wec-phrasal	玩弄		phrasal	
trigger off	wec-phrasal	引起, 激起		phrasal	
trim down	wec-phrasal	使细[瘦]些; 削减…		phrasal	
trip out	wec-phrasal	[化] 停机		phrasal	
trip over	wec-phrasal	在…跌		phrasal	
trip up	wec-phrasal	绊倒, 使失败		phrasal	
trot out	wec-phrasal+moby-pos	炫耀地出示, 骑马快步跑给人看, 提出...供赞同		phrasal	
trump up	wec-phrasal+moby-pos	捏造, 伪造\n[法] 捏造, 鼓起		phrasal	
trust in	wec-phrasal	托付, 信任, 相信		phrasal	
trust to	wec-phrasal	信赖,依靠…		phrasal	
try back	wec-phrasal	重新回到		phrasal	
try for	wec-phrasal	争取, 谋求		phrasal	
try it on	wec-phrasal	大胆无礼,唐突鲁莽		phrasal	
try on	wec-phrasal	试穿, 试验		phrasal	
try out	wec-phrasal	试验, 提炼		phrasal	
try out for	wec-phrasal	[法] 竞争		phrasal	
tuck away	wec-phrasal+moby-pos	畅饮, 大嚼		phrasal	
tuck in	wec-phrasal	大吃, 狼吞虎咽		phrasal	
tuck up	wec-phrasal	折起		phrasal	
tumble down	wec-phrasal	翻倒,跌倒,跌下		phrasal	
tumble to	wec-phrasal+moby-pos	恍然大悟		phrasal	
tune in	wec-phrasal+moby-pos	收听		phrasal	
tune out	wec-phrasal	关掉		phrasal	
tune up	wec-phrasal	调音, 定弦, 调整, 调节		phrasal	
turf out	wec-phrasal+moby-pos	把…赶出; 丟弃; <俚>抛出（东西）; 赶走（某人）		phrasal	
turn a blind eye	baiango-idiom	熟视无睹：拒绝正视, 装作没看见		idiom	
turn against	wec-phrasal+moby-pos	（使）转为反对， （使）变成和…敌对		phrasal	
turn around	wec-phrasal	（使）转身; （使）好转; 改变意见; 使变得完全不同		phrasal	
turn away	wec-phrasal+moby-pos	不准...入内, 走开, 转过脸, 解雇, 避开		phrasal	
turn away from	wec-phrasal	厌恶		phrasal	
turn back	wec-phrasal	往回走, 翻回到, 重新翻到, 折转		phrasal	
turn down	wec-phrasal	拒绝\n[法] 拒绝, 摒斥		phrasal	
turn in	wec-phrasal+moby-pos	拐入, 上床睡觉, 上缴, (使)向里歪, 告发, 出卖, 作出\n[法] 归还, 移交, 交出		phrasal	
turn into	wec-phrasal	进入, (使)变成		phrasal	
turn off	wec-phrasal	关掉, 卖掉, 使转变方向, 解雇, 生产, 制造, 车削成, 使厌烦, 拐弯, 变成		phrasal	
turn on	wec-phrasal+moby-pos	开, 开始, 变得兴奋, 突然显出		phrasal	
turn out	wec-phrasal	打扫, 驱逐, 使外歪, 生产, 制造, 培养出, 翻出, 关掉, 装饰, 出动, 起床, 结果是\n[法] 逐出, 驱逐, 结果		phrasal	
turn over	wec-phrasal	打翻, 营业额达到, 周转, 移交给, 翻阅, 反复考虑, 翻身\n[法] 移交, 交付, 让渡		phrasal	
turn over a new leaf	baiango-idiom	翻开新的一页, 重新开始\n[法] 改过自新		idiom	
turn round	wec-phrasal	转身, 转变, 改变意见, 采取新政策\n[经] 船双进港卸货, 装货和离境的全部过程		phrasal	
turn to	wec-phrasal+moby-pos	转向, 变成, 求助于, 起劲地开始行动		phrasal	
turn up	wec-phrasal	开大, 找到, 发现, 出现, 突然发生, 翻掘出, 翘起, 折起, 卷起, 拐入, 使仰卧		phrasal	
type in	wec-phrasal	在已打好的材料上加入; 输入（在网上）		phrasal	
type out	wec-phrasal	[计] 打印输出		phrasal	
under the weather	baiango-idiom	身体不舒服, 心情不好		idiom	
up for grabs	baiango-idiom	供竞争,供竞买;容易到手		idiom	
up in the air	baiango-idiom	悬而未决		idiom	
urge on	wec-phrasal	催促…向前, 驱赶…向前		phrasal	
use up	wec-phrasal	用完, 耗尽\n[法] 用尽		phrasal	
usher in	wec-phrasal	迎接..., 开创...		phrasal	
vacuum up	wec-phrasal	[化] 真空度升高		phrasal	
vamp up	wec-phrasal	拼凑, 捏造		phrasal	
veg out	wec-phrasal	vt. 无所事事, 吃素		phrasal	
verge on	wec-phrasal	接近,濒于,差点,行将…		phrasal	
visit with	wec-phrasal	访问,看望;与…交谈		phrasal	
vote down	wec-phrasal+moby-pos	否决		phrasal	
vote in	wec-phrasal	选出, 选举\n[法] 选举, 选出		phrasal	
vote out	wec-phrasal	在选举中击败\n[法] 选举中击败		phrasal	
vote through	wec-phrasal	投票通过\n[法] 投票通过		phrasal	
vouch for	wec-phrasal	担保, 保证		phrasal	
wade in	wec-phrasal	介入, 猛烈攻击, 插手		phrasal	
wade into	wec-phrasal	猛烈攻击		phrasal	
wade through	wec-phrasal	跋涉通过,趟水穿过,吃力地通过,费力地读完		phrasal	
wait about	wec-phrasal	等在附近		phrasal	
wait around	wec-phrasal	在附近等候		phrasal	
wait behind	wec-phrasal	在其他人走后留下来		phrasal	
wait in	wec-phrasal	在家里等		phrasal	
wait on	wec-phrasal+moby-pos	服侍, 招待, 拜访, 焦急地等待		phrasal	
wait out	wec-phrasal	等到...结束		phrasal	
wait up	wec-phrasal+moby-pos	(为...而)等候着不睡		phrasal	
wait upon	wec-phrasal	侍候; 伏侍		phrasal	
wake up	wec-phrasal	醒来		phrasal	
walk around	wec-phrasal	绕…而走		phrasal	
walk away	wec-phrasal+moby-pos	走开		phrasal	
walk away from	wec-phrasal	从...旁边走开, 轻易地胜过		phrasal	
walk away with	wec-phrasal	轻易取得		phrasal	
walk into	wec-phrasal+moby-pos	痛斥, 不慎陷入		phrasal	
walk off	wec-phrasal+moby-pos	不通知就离开, 用散步消除		phrasal	
walk off with	wec-phrasal	轻易赢得, 偷走		phrasal	
walk on	wec-phrasal	<非正>小心翼翼; （演员）上台; 轻率地对待; 继续走		phrasal	
walk out	wec-phrasal	罢工, 领出(某人), 退席\n[法] 罢工, 退席抗议, 离开		phrasal	
walk out on	wec-phrasal	[法] 遗弃		phrasal	
walk over	wec-phrasal	穿过; 走到另一地方; 把…带到另一地方; 无视…的愿望[感情]		phrasal	
walk through	wec-phrasal	轻松地初排(戏), 草率地处理		phrasal	
walk up	wec-phrasal	沿...走, 走上		phrasal	
wall in	wec-phrasal	筑墙围住		phrasal	
wall off	wec-phrasal	杜绝,隔开		phrasal	
wall up	wec-phrasal	堵塞		phrasal	
waltz through	wec-phrasal	顺利地通过		phrasal	
want for	wec-phrasal	缺少,短缺,需要,想要,盼望…		phrasal	
want in	wec-phrasal	想要进来		phrasal	
want out	wec-phrasal	想要出去		phrasal	
ward off	wec-phrasal+moby-pos	避开, 挡住		phrasal	
warm to	wec-phrasal	同情, 爱好		phrasal	
warm up	wec-phrasal	热身, 重新煮热, 变暖\n[机] 温车		phrasal	
warn off	wec-phrasal	让不去,让别做		phrasal	
wash away	wec-phrasal	冲走, 清洗; 消除; 涤荡; 涤除		phrasal	
wash down	wec-phrasal+moby-pos	冲洗, (用水)吞下		phrasal	
wash off	wec-phrasal	洗刷掉		phrasal	
wash out	wec-phrasal	洗净, 被洗去, 洗得退色		phrasal	
wash over	wec-phrasal	涂色, 冲过		phrasal	
wash up	wec-phrasal+moby-pos	洗手洗脸, 洗餐具		phrasal	
waste away	wec-phrasal	变得衰弱[消瘦]; 铄		phrasal	
watch for	wec-phrasal	守候, 注意, 监视		phrasal	
watch out	wec-phrasal	密切注意, 当心, 戒备, 提防		phrasal	
watch out for	wec-phrasal	戒备, 提防, 密切注意		phrasal	
watch over	wec-phrasal	监督, 保护, 照管\n[法] 监视, 保护, 预防		phrasal	
water down	wec-phrasal+moby-pos	掺水于; 用水把…冲淡; 削弱; 使缓和		phrasal	
water under the bridge	baiango-idiom	无法改变的事		idiom	
wave aside	wec-phrasal	置之不理		phrasal	
wave off	wec-phrasal	挥手为（某人）送行; 挥手驱去		phrasal	
wear away	wec-phrasal	磨损, 流逝, 消磨, 虚度		phrasal	
wear down	wec-phrasal+moby-pos	磨损, 损耗, 使疲劳, 使厌烦, 克服		phrasal	
wear off	wec-phrasal+moby-pos	逐渐减弱, 消失, 磨损, 耗损		phrasal	
wear on	wec-phrasal	缓缓消逝, 时间消逝, 消磨, 使恼火, 骚扰		phrasal	
wear out	wec-phrasal+moby-pos	穿破, 用坏, 疲劳, 经受住, 消磨		phrasal	
weary of	wec-phrasal	厌烦		phrasal	
weasel out	wec-phrasal+moby-pos	退出, 逃避责任		phrasal	
weather the storm	baiango-idiom	战胜风暴,安然度过暴风雨		idiom	
weed out	wec-phrasal+moby-pos	清除		phrasal	
weigh down	wec-phrasal+moby-pos	使负重, 使下垂, 使下沉; 坠		phrasal	
weigh in	wec-phrasal	称重量, 参加\n[法] 参加, 介入		phrasal	
weigh on	wec-phrasal	重压于		phrasal	
weigh out	wec-phrasal	称出		phrasal	
weigh up	wec-phrasal	估量		phrasal	
weird out	wec-phrasal	使感到纳闷\n使人感到纳闷\n不自在		phrasal	
well up	wec-phrasal	涌出		phrasal	
whack off	wec-phrasal+moby-pos	用力敲掉		phrasal	
wheel around	wec-phrasal	[网络] 四周		phrasal	
when pigs fly	baiango-idiom	永无可能		idiom	
while away	wec-phrasal+moby-pos	消磨		phrasal	
whip off	wec-phrasal	用鞭驱散		phrasal	
whip out	wec-phrasal	冲出,突然拿出,厉声说出		phrasal	
whip through	wec-phrasal	迅速结束		phrasal	
whip up	wec-phrasal+moby-pos	激发, 激励; 匆匆做; 当场完成		phrasal	
whisk away	wec-phrasal	拂去, 扫去, 掸去; 快速移走		phrasal	
whisk off	wec-phrasal	拂拭		phrasal	
white out	wec-phrasal	[计] 不透明		phrasal	
whittle away	wec-phrasal	削减, 减少, 降低（…的大小、重要性或价值）		phrasal	
whittle down	wec-phrasal	削减		phrasal	
wig out	wec-phrasal	使激动		phrasal	
wimp out	wec-phrasal	受惊吓、失去勇气		phrasal	
win back	wec-phrasal	重新获得, 夺回		phrasal	
win out	wec-phrasal+moby-pos	获胜,完成,摆脱		phrasal	
win over	wec-phrasal	[法] 争取到, 胜诉		phrasal	
win through	wec-phrasal	历尽千辛万苦获得成功,终于获胜		phrasal	
wind down	wec-phrasal+moby-pos	(钟表)越走越慢, 放松, 松弛, 平静下来		phrasal	
wind up	wec-phrasal	卷起, 卷拢, 上紧...发条, 使紧张, 使振奋, 结束\n[经] 停止营业		phrasal	
wine and dine	baiango-idiom	吃喝		idiom	
wink at	wec-phrasal+moby-pos	使眼色, 假装看不见		phrasal	
winkle out	wec-phrasal	搞掉		phrasal	
winning streak	baiango-idiom	n. 连胜场数，连胜纪录; [体]一连串的胜利		idiom	
winnow out	wec-phrasal	淘汰\n排除		phrasal	
wipe down	wec-phrasal	从上到下擦干净		phrasal	
wipe off	wec-phrasal	擦去, 洗刷(耻辱等)\n[法] 审核, 核对		phrasal	
wipe out	wec-phrasal	擦洗...的内部, 勾销(债务), 消灭\n[法] 彻底消灭, 彻低毁灭, 谋杀		phrasal	
wipe up	wec-phrasal	擦干净, 打垮		phrasal	
wire up	wec-phrasal	给…接通电源		phrasal	
wise up	wec-phrasal+moby-pos	使知道, 使了解, 告诉		phrasal	
wish away	wec-phrasal	希望消失		phrasal	
wish for	wec-phrasal	盼望, 企求		phrasal	
witness to	wec-phrasal	证实,说明		phrasal	
work at	wec-phrasal	解(题)		phrasal	
work in	wec-phrasal	(使)渐渐进入, 插进		phrasal	
work off	wec-phrasal+moby-pos	消除, 完成, 印出\n[经] 清偿		phrasal	
work on	wec-phrasal+moby-pos	继续工作, 设法说服, 影响		phrasal	
work out	wec-phrasal	设计出, 作出, 计算出, 做工抵偿\n[化] 编制		phrasal	
work over	wec-phrasal+moby-pos	彻底检查, 研究, 重做, 殴打		phrasal	
work through	wec-phrasal	（使）逐渐通过[穿过]; 完成; 解决; 闯过		phrasal	
work towards	wec-phrasal	为…而努力		phrasal	
work up	wec-phrasal+moby-pos	逐步建立, 逐步引起, 整理, 逐步发展		phrasal	
work up to	wec-phrasal	逐步发展, 逐渐形成		phrasal	
worm out of	wec-phrasal	摆脱,逃出来		phrasal	
wrap around	wec-phrasal	使缠绕，包裹…; 披		phrasal	
wrap up	wec-phrasal+moby-pos	掩饰, 伪装, 围好围巾, 包起来		phrasal	
write away	wec-phrasal	写信（索要）; 连续写作		phrasal	
write back	wec-phrasal	[法] 注销, 红字冲账		phrasal	
write down	wec-phrasal	写下, 写文章贬低, 降低地位, 减低帐面价值\n[法] 记录, 记下, 以文字诋毁		phrasal	
write in	wec-phrasal	把...写入, 发信(索取)\n[经] 写入		phrasal	
write off	wec-phrasal	一口气写成, 写信索取, 注销, 勾销, 取消\n[化] 注销		phrasal	
write out	wec-phrasal+moby-pos	写出\n[法] 誊写, 全部写出		phrasal	
write up	wec-phrasal	详细记叙, 补写...到最近日期, 写文章赞扬\n[法] 记述, 详细记载, 补写		phrasal	
yell out	wec-phrasal	大声叫喊,大声嚷嚷,叫喊着说		phrasal	
yield to	wec-phrasal	让步于,屈服于,向…投降		phrasal	
yield up	wec-phrasal	放纵, 被迫放弃		phrasal	
zero in on	wec-phrasal	（使）瞄准…，（使）对准…，对…集中火力[注意力]		phrasal	
zip by	wec-phrasal	[体]擦肩而过		phrasal	
zip up	wec-phrasal	增添滋味, 增加兴趣或生命力		phrasal	
zone out	wec-phrasal	（美, 非正式）入睡, 走神, 失去意识		phrasal	
zonk out	wec-phrasal	沉睡； 压倒, 击倒		phrasal	
zoom in	wec-phrasal+moby-pos	[计] 缩小		phrasal	
zoom out	wec-phrasal	[计] 放大		phrasal	
a big fish in a small pond	baiango-idiom	小地方的大人物	Important person in a small, limited setting.	idiom	
a blessing and a curse	baiango-idiom	有利也有弊，喜忧参半	Something has both good and bad effects.	idiom	
a chip on your shoulder	baiango-idiom	心怀怨气；动辄发怒	A resentful attitude from feeling wronged.	idiom	
a day late and a dollar short	baiango-idiom	迟了一步，还差一点	Too late and too little to matter.	idiom	
a feather in your cap	baiango-idiom	值得骄傲的成就	An achievement worth being proud of.	idiom	
a fish out of water	baiango-idiom	如鱼离水，浑身不自在	Someone uncomfortable in unfamiliar surroundings.	idiom	
a force to be reckoned with	baiango-idiom	不可小觑的力量	Someone or something powerful and not ignored.	idiom	
a left-handed compliment	baiango-idiom	明褒暗贬的恭维	An insult disguised as praise.	idiom	
a lightbulb moment""	baiango-idiom	灵光一现；顿悟时刻	Sudden realization or clever idea.	idiom	
a penny for your thoughts	baiango-idiom	你在想什么？	Asking what someone is thinking.	idiom	
a penny saved is a penny earned	baiango-idiom	省一文等于赚一文	Saving money is as good as earning it.	idiom	
a picture is worth a thousand words	baiango-idiom	一图胜千言	Images convey meaning better than words.	idiom	
a picture paints a thousand words	baiango-idiom	一画胜千言	An image conveys more than words can.	idiom	
a rainbow in the sky	baiango-idiom	雨后彩虹，象征希望	A colorful arc after rain; symbol of hope.	collocation	
a red herring	baiango-idiom	转移注意力的假线索	A misleading clue or distraction.	idiom	
a rolling stone gathers no moss	baiango-idiom	常变动者难有积累	One who moves often avoids commitments and gains nothing.	idiom	
a snowball effect	baiango-idiom	滚雪球效应	Small action grows into larger consequences.	collocation	
a snowball's chance in hell	baiango-idiom	希望渺茫，几乎不可能	Almost no chance at all.	idiom	
a star is born	baiango-idiom	新星横空出世	A new talented performer becomes famous.	idiom	
a stitch in time saves nine	baiango-idiom	及时补救省大患	Fix small problems early to prevent bigger ones.	idiom	
a stone's throw	baiango-idiom	近在咫尺	A very short distance away.	idiom	
a stone's throw away	baiango-idiom	一步之遥	Very close by; a short distance.	idiom	
a storm is brewing	baiango-idiom	风波将起	Trouble or conflict is developing.	idiom	
a taste of your own medicine	baiango-idiom	自食其果	Experience the same bad treatment you gave.	idiom	
a tornado of emotions	baiango-idiom	情绪翻江倒海	Intense, chaotic mix of feelings.	collocation	
a tough row to hoe	baiango-idiom	棘手难题	A difficult task or situation.	idiom	
a whirlwind of emotions	baiango-idiom	情绪跌宕起伏	Rapid, intense mix of feelings.	collocation	
above and beyond	baiango-idiom	超出预期	More than what is required or expected.	idiom	
absence makes the heart grow fonder	baiango-idiom	距离产生美	Being apart makes you love someone more.	idiom	
ace up one's sleeve	baiango-idiom	锦囊妙计；暗中留的后手	a hidden advantage kept for later	idiom	
ace up your sleeve	baiango-idiom	留的后手	a hidden advantage	idiom	
across the globe	baiango-idiom	全世界；世界各地	all over the world	collocation	
add fuel to the fire	baiango-idiom	火上浇油	make a bad situation worse	idiom	
add on to	wec-phrasal	追加；外加	include additionally	phrasal	
against all odds	baiango-idiom	排除万难；尽管困难重重	despite great difficulty	idiom	
ahead of the pack	baiango-idiom	领先于同行	ahead of competitors	collocation	
aim for success	baiango-idiom	志在成功	aim to succeed	collocation	
all bark and no bite	baiango-idiom	雷声大雨点小；虚张声势	threatening but harmless	idiom	
all greek to me	baiango-idiom	对我如天书；完全听不懂	completely incomprehensible to me	idiom	
all hat and no cattle	baiango-idiom	说得多做得少；华而不实	all talk and no action	idiom	
all in a day's work	baiango-idiom	司空见惯；家常便饭	routine, nothing unusual	idiom	
all in the same boat	baiango-idiom	处境相同；同舟共济	in the same difficult situation	idiom	
all that glitters is not gold	baiango-idiom	发光的不一定是金子	not everything that looks valuable is	idiom	
all the world's a stage	baiango-idiom	世界是个大舞台	life is like a theatre	idiom	
an apple a day keeps the doctor away	baiango-idiom	一天一苹果，医生远离我	an apple daily keeps you healthy	idiom	
an axe to grind	baiango-idiom	别有用心；另有所图	a hidden selfish motive	idiom	
an old flame	baiango-idiom	旧情人	a former lover	idiom	
angle for	wec-phrasal	设法得到；拐弯抹角地谋取	try to get by indirect means	phrasal	
another string to your bow	baiango-idiom	另一手准备；又一技傍身	an additional skill or option	idiom	
apple of eye	baiango-idiom	掌上明珠	beloved person	idiom	
apple of my eye	baiango-idiom	心肝宝贝	most cherished person	idiom	
argue down	wec-phrasal	驳得…哑口无言	defeat by argument	phrasal	
arm yourself with knowledge	baiango-idiom	用知识武装自己	equip yourself with knowledge	idiom	
armor up	baiango-idiom	严阵以待；加强防备	prepare defensively	collocation	
as cold as ice	baiango-idiom	冷若冰霜	extremely cold or unfeeling	idiom	
as common as dirt	baiango-idiom	极其普通；粗俗	very common or low-class	idiom	
as fast as greased lightning	baiango-idiom	快如闪电	extremely fast	idiom	
as happy as a clam	baiango-idiom	心满意足；非常快活	very content and happy	idiom	
as happy as larry	baiango-idiom	乐不可支	extremely happy (AusE)	idiom	
as light as a feather	baiango-idiom	轻如鸿毛	very light	idiom	
as pale as a ghost	baiango-idiom	面色苍白如纸	very pale	idiom	
at daybreak	baiango-idiom	破晓时分	at dawn	collocation	
at the break of day	baiango-idiom	大清早；破晓	at dawn	idiom	
at the crack of dawn	baiango-idiom	天刚亮；一大早	very early in the morning	idiom	
at the end of the day	baiango-idiom	归根结底；说到底	when all is said and done	idiom	
at the end of your rope	baiango-idiom	忍无可忍；山穷水尽	at the limit of one's patience	idiom	
at the top of your lungs	baiango-idiom	扯着嗓子；声嘶力竭地	as loudly as possible	idiom	
attract attention like a magnet	baiango-idiom	极其引人注目	attract much attention	idiom	
back onto	wec-phrasal	后面朝向；后临	have the back facing	phrasal	
back to the drawing board	baiango-idiom	推倒重来；从头再来	start over after a failure	idiom	
back to the grind	baiango-idiom	回去干活；继续苦差	return to hard work	idiom	
bag out	wec-phrasal	离开；收工	to leave (AusE/NZE slang)	phrasal	
bag up	wec-phrasal	装袋收好	put into a bag	phrasal	
bail out of	wec-phrasal	摆脱；退出	withdraw from	phrasal	
bail out on	wec-phrasal	抛弃；临阵脱逃	abandon someone	phrasal	
bail up	wec-phrasal+moby-pos	持械抢劫	to rob at gunpoint (AusE)	phrasal	
balance up	wec-phrasal	使平衡；持平	balance evenly	phrasal	
bald as a coot	baiango-idiom	秃得精光	completely bald	idiom	
ball is in your court	baiango-idiom	轮到你做决定	it's your turn to decide	idiom	
ballpark figure""	baiango-idiom	大概的数字；估计值	an approximate number	idiom	
balls up	wec-phrasal	搞砸；一团糟	make a mess of it (BrE slang)	idiom	
bang on about	wec-phrasal	滔滔不绝地谈论	talk persistently about (BrE)	phrasal	
bank in	wec-phrasal	（飞机）斜翼转弯	turn by banking the wings	phrasal	
bark is worse than their bite	baiango-idiom	刀子嘴豆腐心；虚张声势	looks fierce but is harmless	idiom	
barking up the wrong tree	baiango-idiom	找错了对象；打错算盘	pursuing the wrong course	idiom	
bash about	wec-phrasal	猛敲乱打	hit roughly	phrasal	
bash away at	wec-phrasal	埋头苦干	work hard at (informal)	phrasal	
bash on	wec-phrasal	继续猛干	keep going	phrasal	
bash out	wec-phrasal	匆匆赶制	knock out quickly	phrasal	
bash up	wec-phrasal+moby-pos	痛打一顿	beat up	phrasal	
batten down the hatches	baiango-idiom	未雨绸缪；严阵以待	prepare for trouble	idiom	
be a long shot	baiango-idiom	希望渺茫	unlikely to succeed	idiom	
be away	wec-phrasal	不在；离开	to be absent	phrasal	
be cut up	wec-phrasal	难过；伤心	distressed (BrE/IrE)	idiom	
be down	wec-phrasal	情绪低落	feeling sad	idiom	
be down with	wec-phrasal	愿意参加；患…病	be willing to join	phrasal	
be glad to see the back of	baiango-idiom	巴不得某人走	glad when someone leaves	idiom	
be into	wec-phrasal	迷上；热衷	be enthusiastic about	phrasal	
be not on	wec-phrasal	不可能；不行	not acceptable (BrE informal)	idiom	
be on about	wec-phrasal	喋喋不休地说	keep talking about	phrasal	
be onto	wec-phrasal	发现；识破	have discovered	phrasal	
be out	wec-phrasal	出局；不在家	not present	phrasal	
be out of	wec-phrasal	缺乏；没有	to lack or not have	phrasal	
be snowed under	wec-phrasal	忙得不可开交	overwhelmed with work	idiom	
be the apple of someone's eye	baiango-idiom	是某人的掌上明珠	be adored by someone	idiom	
be there or be square	baiango-idiom	不见不散；不来就out	come or miss out (informal)	idiom	
be to do with	wec-phrasal	与…有关	be related to	phrasal	
be up for	wec-phrasal	乐意参加	willing to do something	phrasal	
beam down	wec-phrasal	（被）传送下来	transport down by beam	phrasal	
beat a dead horse	baiango-idiom	翻旧账；做无用功	waste effort on a lost cause	idiom	
beat a hasty retreat	baiango-idiom	赶紧溜走；仓促撤退	withdraw quickly	idiom	
beat the pants off	baiango-idiom	狠揍；彻底击败	defeat soundly (informal)	idiom	
beat up on	wec-phrasal	欺负；痛打	bully or hit repeatedly	phrasal	
beating a dead horse	baiango-idiom	徒劳无功	pointless effort	idiom	
beating around the bush	baiango-idiom	拐弯抹角；说话绕圈子	avoid getting to the point	idiom	
beauty is in the eye of the beholder	baiango-idiom	情人眼里出西施；美是主观的	beauty is subjective	idiom	
beauty is only skin deep	baiango-idiom	美貌只是外表	looks are superficial	idiom	
beaver away at	wec-phrasal	埋头苦干	work diligently at (informal)	phrasal	
behind sunglasses	baiango-idiom	躲在墨镜后面	behind dark glasses	collocation	
behind the eight ball	baiango-idiom	处于困境；进退两难	in a difficult position	idiom	
bending over backwards	baiango-idiom	竭尽全力；费尽心思	make great effort to help	idiom	
bent out of shape	baiango-idiom	大为光火；恼火	angry or overly upset (US)	idiom	
best of both worlds	baiango-idiom	两全其美	the advantages of both	idiom	
best thing since sliced bread	baiango-idiom	绝妙的好东西	an excellent innovation	idiom	
between a rock and a hard place	baiango-idiom	进退维谷；两难	facing a dilemma	idiom	
big up	wec-phrasal	赞扬；吹捧	praise or glorify (slang)	phrasal	
bigger fish to fry	baiango-idiom	有更重要的事要忙	more important things to do	idiom	
bill as	wec-phrasal	宣传为；把…包装成	present or market as	phrasal	
binge-watch	baiango-idiom	刷剧；一口气看完	watch many episodes at once	collocation	
bird in flight	baiango-idiom	飞翔中的鸟	a bird in flight	collocation	
birds of a feather flock together	baiango-idiom	物以类聚；人以群分	similar people gather	idiom	
bite into	wec-phrasal	大口咬进	bite into something	phrasal	
bite off more than you can chew	baiango-idiom	贪多嚼不烂	take on more than you can handle	idiom	
bite the burger	baiango-idiom	完蛋；认输	to fail or give up (euphemism)	idiom	
bite the hand that feeds you	baiango-idiom	恩将仇报	harm your own benefactor	idiom	
bite your tongue	baiango-idiom	忍住不说；欲言又止	hold back from speaking	idiom	
biting off more than you can chew	baiango-idiom	贪多嚼不烂	overreaching yourself	idiom	
biting the bullet	baiango-idiom	咬紧牙关硬扛	enduring something painful	idiom	
blackout	baiango-idiom	停电；断片	loss of power or consciousness	collocation	
blast from the past	baiango-idiom	意外重现的旧事	a sudden reminder of the past	idiom	
blast out	wec-phrasal	轰鸣放出	emit loudly	phrasal	
bleed out	wec-phrasal	流血过多而死	die from blood loss	phrasal	
bleep out	wec-phrasal	用哔声掩盖（脏话）	censor with a beep (BrE)	phrasal	
blessing in disguise	baiango-idiom	因祸得福	a good result from something bad	idiom	
blew it	baiango-idiom	搞砸了	messed up (slang)	idiom	
blind as a bat	baiango-idiom	两眼一抹黑；眼力极差	nearly blind	idiom	
blossom and bloom	baiango-idiom	开花；繁荣	flourish and thrive	idiom	
blow apart	wec-phrasal	炸得粉碎	explode into pieces	phrasal	
blow your own horn	baiango-idiom	自我吹嘘	boast about yourself	idiom	
blow your own trumpet	baiango-idiom	自吹自擂	boast about yourself (BrE)	idiom	
board off	wec-phrasal	用木板封住	cover with boards	phrasal	
board over	wec-phrasal	用木板封盖	cover with boards	phrasal	
bog in	wec-phrasal+moby-pos	开始猛吃；埋头干	begin energetically (AusE)	phrasal	
bog into	wec-phrasal	猛吃；狠批	dig into food or work	phrasal	
bog off!	wec-phrasal	滚开，走开	go away (British slang)	phrasal	俚,英
bolt from the blue	baiango-idiom	晴天霹雳	a complete surprise	idiom	
bone to pick	baiango-idiom	有意见；有待理论	a dispute to settle	idiom	
book into	wec-phrasal+moby-pos	登记入住；送进	reserve a room; send into a place	phrasal	英
book on	wec-phrasal	报名参加	enroll in a course or trip	phrasal	英
book out	wec-phrasal+moby-pos	订满	reserve all of a hotel or venue	phrasal	英
bookworm	baiango-idiom	__LLM_PENDING__		idiom	
bore into	wec-phrasal	__LLM_PENDING__		phrasal	
bored to death	baiango-idiom	无聊透顶	extremely bored	idiom	
born with a silver spoon	baiango-idiom	出身富贵	born into wealth	idiom	
boss about	wec-phrasal	颐指气使地差遣	domineeringly order people about	phrasal	口,英
bottle away	wec-phrasal	悄悄藏起	secretly keep or put away	phrasal	俚,英
bottle out	wec-phrasal	胆怯退缩	lose your nerve and back out	phrasal	俚,英
bounce around	wec-phrasal	抛来抛去；流传	be passed or moved around repeatedly	phrasal	
bounce into	wec-phrasal	撞进；神气进入	bump along into; enter bouncily confident	phrasal	
bow down to	wec-phrasal	俯首称臣	kneel in submission; yield humbly	phrasal	
box off	wec-phrasal	隔出区域	enclose an area with a partition	phrasal	
brainstorm	baiango-idiom	__LLM_PENDING__		idiom	
break bread together	baiango-idiom	共进餐食；拉近关系	share a meal to bond	idiom	
break for	wec-phrasal	中断赶往	stop and hurry off toward	phrasal	
break in the clouds	baiango-idiom	__LLM_PENDING__		idiom	
break of dawn	baiango-idiom	破晓时分	the first light of day	collocation	
break out of	wec-phrasal	逃脱；摆脱	escape from; shake off a habit	phrasal	
breaking the mold	baiango-idiom	打破常规	break free from convention	idiom	
breathe down my neck	baiango-idiom	死死盯住	watch closely	idiom	
breeze into	wec-phrasal	轻松走进	enter casually and confidently	phrasal	
bright idea	baiango-idiom	好主意	a clever idea	collocation	
brighten the day	baiango-idiom	让某人心情大好	make someone happy	idiom	
bring before	wec-phrasal	提交法庭	present a matter before a court	phrasal	正,法
bring out in	wec-phrasal	使起疹；使晒黑	cause a rash or tan on the skin	phrasal	
bring up against	wec-phrasal	使遭遇阻碍	throw against opposition or difficulties	phrasal	
bringing home the bacon	baiango-idiom	养家糊口；满载而归	provide for the family; win	idiom	
bubble under	wec-phrasal	暗流涌动	keep feelings hidden but threatening	phrasal	
bucket down	wec-phrasal+moby-pos	大雨倾盆	(of rain) fall very heavily	phrasal	口,英
budge up	wec-phrasal	挪一挪让位	shift along to make room	phrasal	口,英
buff up	wec-phrasal	充实；打磨	polish, strengthen and add detail to	phrasal	
buff up on	wec-phrasal	猛补	refresh your knowledge of by study	phrasal	
bug off!	wec-phrasal	走开，滚	go away (informal US)	phrasal	口,美
bugger up	wec-phrasal	搞砸	spoil or ruin completely	phrasal	粗,英
build a castle of dreams	baiango-idiom	构筑空中楼阁	build unrealistic fantasies	idiom	
build around	wec-phrasal	__LLM_PENDING__		phrasal	
build bridges	baiango-idiom	搭建沟通之桥	foster connections	idiom	
build up to	wec-phrasal	逐步铺垫到	develop step by step toward a climax	phrasal	
building bridges	baiango-idiom	搭建桥梁；促成沟通	building rapport	idiom	
built like a fortress	baiango-idiom	坚不可摧	extremely solid	idiom	
built like a tank	baiango-idiom	体格壮实；结实耐用	very sturdy	idiom	
bulk out	wec-phrasal	使增容充实	make bigger by adding material	phrasal	
bull's-eye	baiango-idiom	正中靶心	dead center of a target	idiom	
bullseye!""	baiango-idiom	__LLM_PENDING__		idiom	
bum out	wec-phrasal	__LLM_PENDING__		phrasal	
bump along	wec-phrasal	颠簸前行	move along bumpily without progress	phrasal	
bump in the road	baiango-idiom	小挫折	a minor setback	idiom	
bump up against	wec-phrasal	意外遭遇	meet or hit by chance	phrasal	
bundle out	wec-phrasal	驱逐出去	force someone to leave quickly	phrasal	
burn bridges	baiango-idiom	自断后路	sever future options	idiom	
burn your bridges	baiango-idiom	烧掉退路	cut off retreat	idiom	
burning bridges	baiango-idiom	搞僵关系	destroying ties	idiom	
burning the candle at both ends	baiango-idiom	日夜操劳；透支自己	overwork day and night	idiom	
burning the midnight oil	baiango-idiom	开夜车苦干	study or work late at night	idiom	
burst your bubble	baiango-idiom	泼冷水；打破幻想	dash someone's hopes	idiom	
bury your head in the sand	baiango-idiom	鸵鸟政策；逃避现实	ignore obvious problems	idiom	
bust out	wec-phrasal	突然爆出；越狱	burst out or escape abruptly	phrasal	俚,美
busy as a beaver	baiango-idiom	忙得团团转	very busy and industrious	idiom	
busy as a bee	baiango-idiom	忙个不停	extremely busy	idiom	
butt up	wec-phrasal	顶端相靠	put close together end to end	phrasal	
butter someone up	baiango-idiom	讨好；拍马屁	flatter to gain favor	idiom	
butter wouldn't melt in their mouth	baiango-idiom	装无辜	pretend to be demure	idiom	
butterflies in your stomach	baiango-idiom	紧张得心里发怵	nervous anticipation	idiom	
buy a lemon	baiango-idiom	买到次品货	buy a defective product	idiom	
buzz off!	wec-phrasal	走开别烦我	go away (informal, annoyed)	phrasal	口,英
by the seat of your pants	baiango-idiom	凭直觉瞎摸	improvise without planning	idiom	
by the skin of your teeth	baiango-idiom	千钧一发；勉强成功	just barely	idiom	
cakewalk	baiango-idiom	__LLM_PENDING__		idiom	
call around	wec-phrasal	串门；逐一电话	visit informally, or phone several places	phrasal	
calm before the storm	baiango-idiom	暴风雨前的平静	quiet before trouble	idiom	
can't hold a candle	baiango-idiom	远比不上	be far inferior	idiom	
can't hold a candle to	baiango-idiom	远远不如	nowhere near as good as	idiom	
can't judge a book by its cover	baiango-idiom	不要以貌取人	appearances can deceive	idiom	
can't see the forest for the trees	baiango-idiom	只见树木不见森林	miss the big picture	idiom	
can't stand	baiango-idiom	受不了	unable to tolerate	collocation	
carried away	wec-phrasal	忘乎所以	too excited to control yourself	idiom	口
carry the load	baiango-idiom	挑起重担	bear the burden	idiom	
carrying the weight	baiango-idiom	肩负重担	bearing responsibility	idiom	
cast around for	wec-phrasal	四处搜寻	search here and there for	phrasal	
cast round for	wec-phrasal	四处寻找	search about for what you need	phrasal	英
castaway on a deserted island	baiango-idiom	荒岛漂流者	stranded on an island	idiom	
cat got your tongue?	baiango-idiom	怎么不说话了	why so quiet	idiom	
cat on a hot tin roof	baiango-idiom	如坐针毡	extremely restless	idiom	
cat out of the bag	baiango-idiom	秘密泄露	the secret is revealed	idiom	
catch some zs	baiango-idiom	补个觉	get some sleep	idiom	
catch up in	wec-phrasal	卷入缠住	be drawn into and entangled by	phrasal	
catch your eye	baiango-idiom	吸引眼球	attract attention	idiom	
catching some z's	baiango-idiom	睡觉	getting some sleep	idiom	
caught between a rock and a hard place	baiango-idiom	进退两难	in a dilemma	idiom	
caught between two stools	baiango-idiom	两头为难	pulled between two options	idiom	
caught in a whirlwind	baiango-idiom	被卷入漩涡	swept up in turmoil	idiom	
caught in the crossfire	baiango-idiom	遭池鱼之殃	hit between two sides	idiom	
caught red-handed	baiango-idiom	人赃俱获	caught in the act	idiom	
celebrate in style	baiango-idiom	隆重庆祝	celebrate lavishly	collocation	
celebrate with joy	baiango-idiom	欢天喜地	celebrate joyfully	collocation	
centre around	wec-phrasal	以…为中心	have as the main subject or focus	phrasal	英
chalk up to	wec-phrasal	归因于	attribute to a cause; record as a loss	phrasal	
champ at the bit	baiango-idiom	急不可耐	eager to start	idiom	
change around	wec-phrasal	重新排列	rearrange, alter the order of	phrasal	
change in the wind	baiango-idiom	风向转变；局势变化	a shift in the situation	idiom	
change tack	baiango-idiom	改变策略	change approach	idiom	
change the world	baiango-idiom	改变世界	transform the world	collocation	
change your tune	baiango-idiom	改口；转变态度	change one's story	idiom	
chart your own course	baiango-idiom	走自己的路	set your own direction	idiom	
chase off	wec-phrasal	赶走	drive away by pursuing	phrasal	
chase the sunrise	baiango-idiom	追逐日出	pursue beauty/dreams	idiom	
chase the sunset	baiango-idiom	追逐落日	pursue the fleeting	idiom	
chasing rainbows	baiango-idiom	追逐彩虹；做白日梦	pursuing unattainable dreams	idiom	
chasing the horizon	baiango-idiom	永不止步地追梦	relentless pursuit	idiom	
chasing the sun	baiango-idiom	逐日而去	seek light and warmth	idiom	
chasing the sunset	baiango-idiom	追逐夕阳	pursue the elusive	idiom	
chat away	wec-phrasal	闲聊不止	talk cheerfully for a long time	phrasal	
cheat out of	wec-phrasal	骗取	defraud someone out of something	phrasal	
check by	wec-phrasal	__LLM_PENDING__		phrasal	
cheer on	wec-phrasal	呐喊助威	urge on with shouts of support	phrasal	
chew off	wec-phrasal	__LLM_PENDING__		phrasal	
chew the scenery	baiango-idiom	夸张抢戏	overact wildly	idiom	
chewing the fat	baiango-idiom	闲聊拉家常	chat idly	idiom	
chime with	wec-phrasal	与…合拍	agree or fit well with	phrasal	
chip off the old block	baiango-idiom	活脱脱父辈翻版	just like one's parent	idiom	
chip on one's shoulder	baiango-idiom	心怀不满；易怒	holding a grudge	idiom	
chip on your shoulder	baiango-idiom	心怀不满；易怒	touchy and resentful	idiom	
chomping at the bit	baiango-idiom	按捺不住想行动	impatient to act	idiom	
chow down	wec-phrasal	大快朵颐	eat heartily (slang)	phrasal	俚,美
chow down on	wec-phrasal	狂吃	eat something greedily	phrasal	俚,美
chuck a wobbly	baiango-idiom	发脾气	throw a tantrum	idiom	俚,英
chuck in	wec-phrasal+moby-pos	扔进；辞职放弃	throw in; give up or resign	phrasal	口,英
city lights	baiango-idiom	都市灯火	city lights	collocation	
city that never sleeps	baiango-idiom	不夜城	the sleepless city	idiom	
clag up	wec-phrasal	__LLM_PENDING__		phrasal	
claim back	wec-phrasal	索回款项	get back money you paid	phrasal	英
clamp down on	wec-phrasal	严厉打击	take severe controlling measures against	phrasal	时
clap in	wec-phrasal	__LLM_PENDING__		phrasal	
clap out	wec-phrasal	__LLM_PENDING__		phrasal	
clean as a whistle	baiango-idiom	干干净净	spotless	idiom	
clean off	wec-phrasal	擦净；痛打	wipe off; slang beat up badly	phrasal	俚
clean up after	wec-phrasal	替…收拾残局	tidy the mess other people make	phrasal	口
clear as a bell	baiango-idiom	清脆洪亮；一清二楚	very clear	idiom	
clear as mud	baiango-idiom	一点也不清楚（反讽）	not clear at all (ironic)	idiom	
clear up after	wec-phrasal	__LLM_PENDING__		phrasal	
click through	wec-phrasal	点击进入	follow a link by clicking	collocation	科
climb the corporate ladder""	baiango-idiom	攀登职场阶梯	advance one's career	idiom	
climb the wall	baiango-idiom	烦躁得想撞墙	be restless/frustrated	idiom	
climbing the ladder	baiango-idiom	往上爬	advancing in career	idiom	
cling on	wec-phrasal	死死抓住	hold on firmly, refuse to let go	phrasal	
cling on to	wec-phrasal	勉强保住	retain something despite mounting losses	phrasal	
clip someone's wings	baiango-idiom	束缚某人的手脚	limit someone's freedom	idiom	
clock in at	wec-phrasal	__LLM_PENDING__		phrasal	
close but no cigar	baiango-idiom	差一点（没成功）	so close yet failed	idiom	
close in upon	wec-phrasal	步步逼近	approach menacingly from around	phrasal	
close the book on	baiango-idiom	结束；翻篇	put an end to	idiom	
close the door behind you	baiango-idiom	随手关门；告别过往	shut the door leaving	idiom	
cloud on the horizon	baiango-idiom	不祥的苗头	a sign of coming trouble	idiom	
clown about	wec-phrasal	胡闹逗趣	fool around, act the clown	phrasal	口,英
clump together	wec-phrasal	聚集成团	gather into tight clusters	phrasal	
clutching at straws	baiango-idiom	抓救命稻草	desperately try anything	idiom	
coast along	wec-phrasal	顺其自然混日	get by with little effort	phrasal	
collect up	wec-phrasal	收拢聚起	gather things together neatly	phrasal	
colour (color) up	wec-phrasal	涨红了脸	blush, turn red in the face	phrasal	英
comb through	wec-phrasal	仔细翻查	search or examine very thoroughly	phrasal	
come across with	wec-phrasal	拿出；供出	provide money or info expected	phrasal	
come back to	wec-phrasal	回到话题	return to a subject in talk	phrasal	
come down upon	wec-phrasal	严惩责骂	punish or criticize severely	phrasal	正
come forth with	wec-phrasal	提供；站出来	come forward with what is needed	phrasal	正
come in at	wec-phrasal	__LLM_PENDING__		phrasal	
come on to	wec-phrasal	勾引搭讪	make sexual approaches to	phrasal	口
come out of your shell	baiango-idiom	变得外向；走出自我	become less shy	idiom	
come over to	wec-phrasal	转变支持	adopt another person's view or side	phrasal	
come through with	wec-phrasal	按约交出	provide what was promised when needed	phrasal	
come up for	wec-phrasal	临近（期限）	approach a scheduled event or deadline	phrasal	时
compare apples and oranges	baiango-idiom	比较不可比之物	compare unlike things	idiom	
cone off	wec-phrasal+moby-pos	用锥标隔出	block off with traffic cones	phrasal	英
connect the dots	baiango-idiom	把线索串起来；融会贯通	piece things together	idiom	
connect up	wec-phrasal	接通连接	join together so it works	phrasal	
contract out of	wec-phrasal	以合同免除	avoid a duty by contract	phrasal	法
cook the books	baiango-idiom	做假账；财务造假	falsify accounts	idiom	财,法
cool as a cucumber	baiango-idiom	泰然自若	very calm	idiom	
cool cat	baiango-idiom	潇洒的人	a stylish laid-back person	idiom	俚
cop off	wec-phrasal	__LLM_PENDING__		phrasal	
copy down	wec-phrasal	抄录下来	write down a copy of	collocation	
copy in	wec-phrasal	抄送给	include someone in a copied email	phrasal	英
cost a pretty penny	baiango-idiom	花一大笔钱	cost a lot	idiom	
cost an arm and a leg	baiango-idiom	贵得离谱	very expensive	idiom	
cost up	wec-phrasal	__LLM_PENDING__		phrasal	
costs an arm and a leg	baiango-idiom	代价巨大	extremely costly	idiom	
could do with	wec-phrasal	正需要；不妨	would find something useful	idiom	
count among	wec-phrasal	__LLM_PENDING__		phrasal	
count towards	wec-phrasal	计入	contribute toward a total or requirement	collocation	财
count upon	wec-phrasal	指望	rely on with confidence	phrasal	正
count with	wec-phrasal	__LLM_PENDING__		phrasal	
count your chickens before they hatch	baiango-idiom	别高兴得太早	don't presume success	idiom	
counting the stars	baiango-idiom	异想天开	dreaming big	idiom	
crack a book	baiango-idiom	用功读书	study hard	idiom	
crack onto	wec-phrasal	勾搭搭讪	make a flirtatious approach to	phrasal	俚,英
cram in	wec-phrasal	硬塞进	force to fit into a tight space	phrasal	
crap on	wec-phrasal	__LLM_PENDING__		phrasal	
crash around	wec-phrasal	轰隆乱闯	move about noisily and carelessly	phrasal	
crash out	wec-phrasal+moby-pos	爆冷出局；蹲狱	be eliminated; slang serve prison time	phrasal	俚,体
cream of the crop	baiango-idiom	精英中的精华	the very best	idiom	
credit with	wec-phrasal	认为有…之功	believe someone has a quality or deed	phrasal	
creep by	wec-phrasal	__LLM_PENDING__		phrasal	
creep into	wec-phrasal	悄悄渗入	enter slowly and unnoticed	phrasal	
creep out on	wec-phrasal	__LLM_PENDING__		phrasal	
creep over	wec-phrasal	__LLM_PENDING__		phrasal	
cross my heart and hope to die	baiango-idiom	我拿命发誓	solemnly swear	idiom	
cross that bridge	baiango-idiom	到时再说	deal with it when it comes	idiom	
cross that bridge when we come to it	baiango-idiom	船到桥头自然直	deal with problems as they come	idiom	
cross that bridge when you come to it	baiango-idiom	到时候再说	one step at a time	idiom	
cross the finish line	baiango-idiom	冲过终点线	complete the goal	collocation	
cross your fingers	baiango-idiom	祈求好运	hope for luck	idiom	
cross your t's and dot your i's	baiango-idiom	一丝不苟；不遗漏细节	be meticulous	idiom	
crossing that bridge when you come to it	baiango-idiom	走一步看一步	handle it later	idiom	
crossing the rubicon	baiango-idiom	破釜沉舟；跨出不归路	pass a point of no return	idiom	
crowd in on	wec-phrasal	涌上心头	(memories) overwhelm all at once	phrasal	
cruise through	wec-phrasal	轻松通过	pass or finish with little effort	phrasal	
crumb down	wec-phrasal	__LLM_PENDING__		phrasal	
cry me a river	baiango-idiom	少装可怜（反讽）	spare me your tears	idiom	
cry over spilled milk	baiango-idiom	追悔无益	regret what can't be undone	idiom	
cry the blues	baiango-idiom	倾诉哀愁	express sorrow	idiom	
cry your heart out	baiango-idiom	痛哭一场	weep intensely	idiom	
crying over spilt milk	baiango-idiom	为往事懊悔没用	useless regret	idiom	
curiosity killed the cat	baiango-idiom	好奇害死猫	excessive curiosity is risky	idiom	
cuss out	wec-phrasal	破口大骂	verbally attack someone (US slang)	phrasal	俚,美
cut a rug	baiango-idiom	跳舞	dance	idiom	俚
cut out on	wec-phrasal	__LLM_PENDING__		phrasal	
cut to the chase	baiango-idiom	直奔主题	get to the point	idiom	
cut to the quick	baiango-idiom	深深刺痛	hurt deeply	idiom	
cutting corners	baiango-idiom	偷工减料	do things cheaply/poorly	idiom	
cutting the mustard	baiango-idiom	达标；够格	meet the standard	idiom	
dangle a carrot	baiango-idiom	抛出诱饵；画饼	offer incentive to entice	idiom	
dawn of a new day	baiango-idiom	新纪元；曙光初现	beginning of a new era	idiom	
dead as a doornail	baiango-idiom	死透了的	completely dead	idiom	
decide upon	wec-phrasal	决定；选定	make a final choice about	phrasal	正
defend your beliefs	baiango-idiom	捍卫信念	stand up for beliefs	collocation	
defend your position	baiango-idiom	捍卫立场	defend one's stance	collocation	
deliver the package	baiango-idiom	交出成果	achieve the promised result	idiom	
derogate from	wec-phrasal	减损	detract from, diminish	phrasal	正
descend into	wec-phrasal	陷入混乱	slide into chaos or disorder	phrasal	
devolve to	wec-phrasal	下放；移交	pass down or revert to another level	phrasal	正,法
dial down	wec-phrasal	调低；缓和	reduce volume or intensity	phrasal	
dial in	wec-phrasal	拨入会议	join a conference call by telephone	phrasal	
dial into	wec-phrasal	拨入连接	connect by dialing into a system	phrasal	
die for	wec-phrasal	梦寐以求	want something very much	idiom	口
dig around	wec-phrasal	四处翻找	search by moving things around	phrasal	
dig over	wec-phrasal	__LLM_PENDING__		phrasal	
dime a dozen	baiango-idiom	多如牛毛	common and worthless	idiom	
dine on	wec-phrasal	以…进餐	eat a formal meal of	collocation	正
dine out on	wec-phrasal	借消息炒作	profit repeatedly from publicity about	phrasal	时
dip in	wec-phrasal	__LLM_PENDING__		phrasal	
dip out	wec-phrasal+moby-pos	__LLM_PENDING__		phrasal	
dissolve into	wec-phrasal	解散成；突然放声	break apart into; burst into tears/laughter	phrasal	
divide off	wec-phrasal	划分出去	separate off a part	phrasal	
divvy out	wec-phrasal	分派瓜分	divide up and distribute shares	phrasal	口
do out of	wec-phrasal	骗走；使失去	cheat out of; lose because of	phrasal	口,英
dob in	wec-phrasal+moby-pos	告发检举	inform on someone's wrongdoing	phrasal	俚,英,澳
don't beat around the bush	baiango-idiom	别绕弯子；直说	get to the point	idiom	
don't bite the hand that feeds you	baiango-idiom	别恩将仇报	don't harm your benefactor	idiom	
don't count your chickens	baiango-idiom	别高兴太早	don't count on it yet	idiom	
don't count your chickens before they hatch	baiango-idiom	如意算盘别打太早	don't presume success	idiom	
don't cry over spilled milk	baiango-idiom	覆水难收；别懊悔了	no use regretting	idiom	
don't cry over spilt milk	baiango-idiom	别为打翻的牛奶哭	move on	idiom	
don't hold your breath	baiango-idiom	别指望；想都别想	don't expect it soon	idiom	
don't judge a book by its cover	baiango-idiom	别以貌取人	don't judge by appearances	idiom	
don't put all your eggs in one basket	baiango-idiom	别孤注一掷	don't risk everything on one bet	idiom	
don't put eggs in one basket	baiango-idiom	别把宝压一处	diversify your bets	idiom	
don't put the cart before the horse	baiango-idiom	别本末倒置	don't reverse the order	idiom	
don't rock the boat	baiango-idiom	别打乱现状	don't disturb the status quo	idiom	
don't throw in the towel	baiango-idiom	别认输	don't give up	idiom	
doss about	wec-phrasal	游手好闲	idle away time doing nothing	phrasal	俚,英
doss around	wec-phrasal	混日子；流浪	idle about or live rough	phrasal	俚,美
double down	wec-phrasal	加倍下注；坚持	risk more; stand firm despite losses	phrasal	
double down on	wec-phrasal	加码押注于	strengthen commitment despite risk	phrasal	
double up as	wec-phrasal	兼作	also serve the function of	phrasal	英
down for the count	baiango-idiom	被击倒；一蹶不振	knocked down; beaten	idiom	
down the hatch	baiango-idiom	一饮而尽（祝酒）	drink it all down	idiom	诙
down the rabbit hole	baiango-idiom	越陷越深；走进迷局	into a strange complex mess	idiom	
draft in	wec-phrasal	调来帮忙	bring in extra people to help	phrasal	英
drag by	wec-phrasal	时光难熬	pass slowly and tediously (time)	phrasal	
drag into	wec-phrasal	拖入牵扯	pull or involve forcibly into	phrasal	
drag out of	wec-phrasal+moby-pos	__LLM_PENDING__		phrasal	
drastic times call for drastic measures	baiango-idiom	非常时期行非常之事	extreme cases need extreme action	idiom	
draw a line in the sand	baiango-idiom	划出底线	set a firm boundary	idiom	
draw even	wec-phrasal	追平	equal an opponent's score or standing	phrasal	体
draw first blood	baiango-idiom	先声夺人；率先出手	strike the first blow	idiom	
draw into	wec-phrasal	引入卷入	lead gradually into discussion or conflict	phrasal	
drawing a blank	baiango-idiom	脑子一片空白	fail to remember	idiom	
drill down through	wec-phrasal	逐层深挖	search deeper through layers of data	phrasal	科
drill into	wec-phrasal	反复灌输	instill by persistent repetition	phrasal	
drive someone up the wall	baiango-idiom	把人逼疯	drive crazy	idiom	
drive up the wall	baiango-idiom	逼疯某人	madden someone	idiom	
driving a hard bargain	baiango-idiom	讨价还价毫不让步	negotiate shrewdly	idiom	
drop a bombshell	baiango-idiom	抛出重磅消息	announce shocking news	idiom	时
drop in the bucket	baiango-idiom	杯水车薪	a tiny amount	idiom	
drop in the ocean	baiango-idiom	沧海一粟	a tiny amount	idiom	
drop someone in it	wec-phrasal	使陷入困境	get someone into serious trouble	idiom	口,英
dropping like flies	baiango-idiom	纷纷倒下	falling/dying in numbers	idiom	
drown in	wec-phrasal	深陷其中	be overwhelmed or immersed in	phrasal	
drug up	wec-phrasal	下药迷倒	give drugs so someone is doped up	phrasal	俚
drum into	wec-phrasal	反复灌输	force an idea in by constant repetition	phrasal	
dub in	wec-phrasal	补录配音	add recorded voice or sound afterwards	phrasal	
dub out	wec-phrasal	__LLM_PENDING__		phrasal	
dub over	wec-phrasal	移交（人犯）	officially transfer to another authority	phrasal	俚,美
duck out of	wec-phrasal	临时逃避	sneak away from a duty or promise	phrasal	口
duff up	wec-phrasal+moby-pos	痛打一顿	beat someone up	phrasal	俚,英
dust down	wec-phrasal+moby-pos	训斥；搜身	reprimand; search for drugs	phrasal	俚,美
dwell upon	wec-phrasal	老是想着	think or talk too much about	phrasal	
early bird catches the worm""	baiango-idiom	早起的鸟儿有虫吃	the early riser succeeds	idiom	
early bird gets the worm	baiango-idiom	早起鸟儿有虫吃	diligence pays off	idiom	
ease out	wec-phrasal	设法让…离职	gently force someone out of a job	phrasal	
easy as pie	baiango-idiom	易如反掌	very easy	idiom	
eat away at	wec-phrasal	逐渐侵蚀	destroy gradually; torment the mind	phrasal	
eating crow	baiango-idiom	自食其言被迫认错	admit you were wrong	idiom	
egg on your face	baiango-idiom	自讨没趣	looking foolish	idiom	
elbow out	wec-phrasal	排挤掉	push out by aggressive competition	phrasal	
elvis has left the building	baiango-idiom	到此为止该散场	it's over	idiom	
embark on a fresh start	baiango-idiom	开始新生活	begin afresh	collocation	
embark upon	wec-phrasal	着手开始	start a new course of action	phrasal	正
end of the road	baiango-idiom	穷途末路	the bitter end	idiom	
enjoy the great outdoors	baiango-idiom	享受大自然	enjoy nature	collocation	
even keel	baiango-idiom	__LLM_PENDING__		idiom	
every cloud has a silver lining	baiango-idiom	黑暗中总有希望	there's hope in everything	idiom	
every nook and cranny	baiango-idiom	每个犄角旮旯	every corner	idiom	
every trick in the book	baiango-idiom	用尽浑身解数	try every method	idiom	
everything but the kitchen sink	baiango-idiom	几乎应有尽有	nearly everything	idiom	
explore the wilderness	baiango-idiom	__LLM_PENDING__		idiom	
exploring new horizons	baiango-idiom	探索新领域	seek new experiences	collocation	
extend an olive branch	baiango-idiom	伸出橄榄枝	offer reconciliation	idiom	
eye up	wec-phrasal	打量端详	look at appraisingly or with interest	phrasal	英
facing the music	baiango-idiom	承担后果	face the consequences	idiom	
factor into	wec-phrasal	纳入考虑	be included when deciding	collocation	
faff around	wec-phrasal	瞎忙浪费时间	waste time on pointless activity	phrasal	口,英
fall off the back of a lorry	baiango-idiom	来路不明（赃物）	stolen goods (BrE)	idiom	俚,英
fall on hard times	baiango-idiom	境遇窘迫	become impoverished	idiom	
far cry from	baiango-idiom	远非；相差甚远	nowhere close to	idiom	
fart about	wec-phrasal	瞎折腾	waste time doing stupid things	phrasal	粗,英
fart around	wec-phrasal	瞎折腾	fool around pointlessly	phrasal	粗,英
fasten your seatbelt""	baiango-idiom	系好安全带做好准备	brace yourself	idiom	
favour with	wec-phrasal	惠予赏光	honor by granting, e.g. one's presence	phrasal	正
fawn over	wec-phrasal	阿谀讨好	flatter eagerly seeking favor	phrasal	
feast on	wec-phrasal	尽情享用	eat or enjoy with great delight	collocation	
feather in one's cap	baiango-idiom	值得自豪的成就	a source of pride	idiom	
feather in your cap	baiango-idiom	值得自豪的成就	a proud achievement	idiom	
feather your nest""	baiango-idiom	中饱私囊	enrich yourself	idiom	
feel a bit under the weather	baiango-idiom	有点不舒服	slightly ill	idiom	
feeling blue	baiango-idiom	心情忧郁	feeling sad	idiom	
feeling under the weather	baiango-idiom	身体不适	unwell	idiom	
fess up to	wec-phrasal	坦白承认	confess to something	phrasal	俚,美
fight like cat and dog	baiango-idiom	天天吵架	quarrel constantly	idiom	
file down	wec-phrasal	__LLM_PENDING__		phrasal	
fill in on	wec-phrasal	通报细节	give someone the details about	phrasal	口,美
filter in	wec-phrasal	陆续进入	enter gradually in ones and twos	phrasal	
find a silver lining""	baiango-idiom	在困境中看到希望	find the positive	idiom	
find your feet	baiango-idiom	适应新环境	get accustomed	idiom	
find your inner peace	baiango-idiom	寻找内心平静	find inner calm	collocation	
fine wine	baiango-idiom	__LLM_PENDING__		idiom	
fine wine selection	baiango-idiom	__LLM_PENDING__		idiom	
finger in every pie	baiango-idiom	事事插手	involved in everything	idiom	
finish line ahead	baiango-idiom	__LLM_PENDING__		idiom	
finish line in sight	baiango-idiom	__LLM_PENDING__		idiom	
fink on	wec-phrasal	告密出卖	inform against, betray	phrasal	俚,美
fire back at	wec-phrasal	反击；怒斥	shoot back; answer angrily	phrasal	
firing on all cylinders	baiango-idiom	火力全开状态极佳	operating at peak	idiom	
first light""	baiango-idiom	__LLM_PENDING__		idiom	
fish out of water	baiango-idiom	浑身不自在	uncomfortable in new setting	idiom	
fishing for compliments	baiango-idiom	故意讨夸奖	seek praise	idiom	
fit for a king	baiango-idiom	极佳配得上国王	fit for royalty	idiom	
fit out with	wec-phrasal	装备齐全	provide with necessary equipment	phrasal	
fit the bill""	baiango-idiom	正合适	meet the requirements	idiom	
fix with	wec-phrasal	固定；约见	fasten with; BrE arrange to meet	phrasal	
flag up	wec-phrasal	提请注意	mark or report something for attention	phrasal	英
flare off	wec-phrasal	__LLM_PENDING__		phrasal	
flash around	wec-phrasal	四处炫耀	display money or ideas ostentatiously	phrasal	口
flash back to	wec-phrasal	回忆起	return mentally to a past event	phrasal	
flat as a pancake	baiango-idiom	平得像大饼	completely flat	idiom	
flat out like a lizard drinking	baiango-idiom	忙得团团转	extremely busy (AusE)	idiom	俚,澳
flexing your muscles	baiango-idiom	展示实力	show off strength	idiom	
flick over	wec-phrasal	__LLM_PENDING__		phrasal	
flip for	wec-phrasal	大为恼火	become very upset or angry	phrasal	俚,美
flip on	wec-phrasal	突然背叛	turn against or betray abruptly	phrasal	俚,美
flog off	wec-phrasal	廉价抛售	sell off cheaply to clear stock	phrasal	英,财
flood back	wec-phrasal	（记忆）涌上	(memories, feelings) return suddenly	phrasal	
floor it	wec-phrasal	把油门踩到底	accelerate very hard in a car	slang	口
flounce off	wec-phrasal	气鼓鼓地走开	leave angrily with exaggerated swishing	phrasal	口
fluff out	wec-phrasal	把…抖蓬松	make something soft and full	phrasal	
fly about	wec-phrasal	__LLM_PENDING__		phrasal	
fly by the seat of your pants	baiango-idiom	凭本能行事	improvise	idiom	
fly on the wall	baiango-idiom	不引人注意的旁观者	unnoticed observer	idiom	
flying by the seat of your pants	baiango-idiom	凭感觉乱闯	improvising	idiom	
fob off on	wec-phrasal	把…推卸给	unload something unwanted on somebody	phrasal	
fob off onto	wec-phrasal	把…硬塞给	pass unwanted thing onto somebody	phrasal	
fob off with	wec-phrasal	用…搪塞敷衍	stave off with something inferior	phrasal	
follow around	wec-phrasal	走到哪儿跟到哪儿	follow somebody everywhere	phrasal	
follow on from	wec-phrasal	随…而来；是…的结果	happen as a consequence of	phrasal	
fool around with	wec-phrasal	瞎摆弄；拿…胡搞	play or tinker carelessly with	phrasal	口
for crying out loud	baiango-idiom	我的天啊	exasperated exclamation	idiom	
force down	wec-phrasal	强塞下去；击落	make swallow; shoot down	phrasal	
force on	wec-phrasal	强加于	impose something unwanted	phrasal	
force out of	wec-phrasal	把…排挤走	force somebody out of a job or place	phrasal	
force through	wec-phrasal	强行通过	push a law despite opposition	phrasal	时
force upon	wec-phrasal	强加于（正式语）	impose something formally	phrasal	正
from rags to riches	baiango-idiom	白手起家	from poverty to wealth	idiom	
front for	wec-phrasal	为…打掩护	act as cover for illicit operation	phrasal	俚
front off	wec-phrasal	__LLM_PENDING__		phrasal	
front onto	wec-phrasal	（建筑）面向	face onto a street	phrasal	英
front out	wec-phrasal	硬撑门面	put on a brave front	phrasal	口
front up	wec-phrasal	露面（敢作敢当）	arrive to take responsibility	phrasal	英,澳,口
front-page news""	baiango-idiom	__LLM_PENDING__		idiom	
fuck over	wec-phrasal	狠狠坑了一把	cheat or harm ruthlessly	slang	俚,粗
fuck with	wec-phrasal	招惹；瞎折腾	provoke or mess with	slang	俚,粗
full of hot air	baiango-idiom	满嘴跑火车	all talk	idiom	
fun in the sun	baiango-idiom	__LLM_PENDING__		idiom	
fuss at	wec-phrasal	为…唠叨挑剔	complain or scold about	phrasal	美,口
gag for	wec-phrasal	眼巴巴想要	want something eagerly	phrasal	英,口
gallop through	wec-phrasal	__LLM_PENDING__		phrasal	
game over	baiango-idiom	完蛋了	it's finished	idiom	
gaze at the stars	baiango-idiom	__LLM_PENDING__		idiom	
gear towards	wec-phrasal	专为…而设	be designed or aimed at	collocation	
geek out	wec-phrasal	为心头好疯狂	get obsessively excited	slang	美,口
genie in a bottle	baiango-idiom	被禁锢的力量	a contained power	idiom	
get a leg up	baiango-idiom	获得助力占优势	get an advantage	idiom	
get a taste of your own medicine	baiango-idiom	还治其人之身	suffer what you inflict	idiom	
get above	wec-phrasal	__LLM_PENDING__		phrasal	
get across to	wec-phrasal	（使）被…理解	convey meaning understandably to	phrasal	
get along in	wec-phrasal	（年纪）渐大	grow along in years	phrasal	
get away!	wec-phrasal	不会吧！胡说！	exclamation of disbelief	slang	口
get back into	wec-phrasal	重新迷上	resume enthusiastic interest in	phrasal	
get back together	wec-phrasal	重聚；破镜重圆	reunite as a couple or group	phrasal	
get back with	wec-phrasal	与（前任）复合	resume relationship with	phrasal	
get behind with	wec-phrasal	（款项）拖欠落后	fail to keep up with	phrasal	英
get by on	wec-phrasal	靠…勉强过活	survive on a small amount	phrasal	
get by with	wec-phrasal	靠…凑合过得	go on with the help of	phrasal	
get in shape	baiango-idiom	健身塑形	get fit	collocation	
get in with	wec-phrasal	与…混熟	become friendly with	phrasal	英,口
get it off	wec-phrasal	__LLM_PENDING__		phrasal	
get it off with	wec-phrasal	与…搂搂抱抱	kiss and grope with	slang	英,俚
get it on with	wec-phrasal	与…滚床单	have sex with	slang	俚,粗
get it together	wec-phrasal	振作起来理清头绪	become focused and competent	idiom	口
get it up	wec-phrasal	（男子）勃起	achieve an erection	slang	俚,粗
get off on	wec-phrasal	对…特别来劲	get a kick out of	slang	俚
get off with	wec-phrasal	与…亲热；（因…）脱身	kiss or flirt with; escape penalty	phrasal	英,口
get off!	wec-phrasal	滚开！住手！	stop touching; go away	slang	口
get on at	wec-phrasal	唠唠叨叨数落	keep nagging	phrasal	英,口
get on to	wec-phrasal	觉察；搞清楚	become aware of	phrasal	
get out!	wec-phrasal	滚出去！	go away at once	slang	口
get over with	wec-phrasal	尽快把…了结	finish unpleasant thing quickly	phrasal	
get past	wec-phrasal	克服；熬过	move beyond a difficulty	phrasal	
get round (around) to	wec-phrasal	抽空着手做	eventually find time for	phrasal	英
get round (or around)	wec-phrasal	传开；四处活动	circulate; move about	phrasal	英
getting a second wind	baiango-idiom	重新振作恢复体力	regain energy	idiom	
ghost away	wec-phrasal	悄无声息溜走	slip away unseen	phrasal	
gift from the heart	baiango-idiom	__LLM_PENDING__		idiom	
gift of gab	baiango-idiom+moby-pos	能说会道的天赋	talent for talking	idiom	
gift with love	baiango-idiom	__LLM_PENDING__		idiom	
gin up	wec-phrasal	凭空造出；煽起	invent or stir up	phrasal	美,口
give in to	wec-phrasal	向…让步屈服	yield to pressure	phrasal	
give it to	wec-phrasal	__LLM_PENDING__		phrasal	
give it up for	wec-phrasal	为…鼓掌喝彩	applaud somebody enthusiastically	phrasal	口
give it up to	wec-phrasal	拱手交给	surrender to	phrasal	
give onto	wec-phrasal+moby-pos	（门/窗）通向	open onto	phrasal	英
give out to	wec-phrasal	__LLM_PENDING__		phrasal	
give over to	wec-phrasal	专用于；沉溺于	devote wholly to	phrasal	
give over!	wec-phrasal	行了！别胡闹！	stop that nonsense	slang	英,口
give someone the cold shoulder	baiango-idiom	冷落某人	snub someone	idiom	
give the benefit of the doubt	baiango-idiom	姑且选择相信	presume goodwill	idiom	
give yourself up	wec-phrasal	自首	surrender to police	phrasal	法
give yourself up to	wec-phrasal	放纵于；醉心于	abandon yourself to	phrasal	
giving the benefit of the doubt	baiango-idiom	暂且信以为真	giving trust	idiom	
glom onto	wec-phrasal	紧抓不放；盯上	grip or latch onto	phrasal	美,口
gnaw away at	wec-phrasal	一点点侵蚀消耗	gradually erode or worry	phrasal	
go around in circles	baiango-idiom	原地打转绕圈子	make no progress	idiom	
go back to the drawing board	baiango-idiom	从头再来	start over	idiom	
go cold turkey	baiango-idiom	突然彻底戒掉	quit abruptly	idiom	
go down a storm	baiango-idiom	大受欢迎	be very well received	idiom	俚,英
go down as	wec-phrasal	作为…载入史册	be remembered as	phrasal	
go down in flames	baiango-idiom	惨败落幕	fail spectacularly	idiom	
go on about	wec-phrasal	喋喋不休地说	talk endlessly about	phrasal	口
go on at	wec-phrasal	老是数落	keep complaining at	phrasal	英,口
go one	wec-phrasal	__LLM_PENDING__		phrasal	
go out to	wec-phrasal	（心意）送给	extend sympathy to	collocation	
go out with	wec-phrasal	与…约会	date romantically	phrasal	
go over to	wec-phrasal	__LLM_PENDING__		phrasal	
go the extra mile	baiango-idiom	付出额外努力	exceed expectations	idiom	
go towards	wec-phrasal	用于；有助于	contribute toward	collocation	
goad on	wec-phrasal	怂恿，煽动	provoke into action	phrasal	
gobble down	wec-phrasal	狼吞虎咽	eat quickly and greedily	phrasal	
going for broke	baiango-idiom	孤注一掷	risk everything	idiom	
going the extra mile	baiango-idiom	加倍努力	putting in more	idiom	
going the whole nine yards	baiango-idiom	全力以赴做到底	spare nothing	idiom	
gone to the dogs	baiango-idiom	每况愈下走向衰败	deteriorate	idiom	
grain of salt	baiango-idiom	半信半疑	skeptical acceptance	idiom	
grasp the main idea	baiango-idiom	__LLM_PENDING__		idiom	
grasping at straws	baiango-idiom	抓救命稻草	desperate attempts	idiom	
grass up	wec-phrasal	告发，举报	inform on somebody	phrasal	英,俚
great minds think alike	baiango-idiom	英雄所见略同	clever people agree	idiom	
grey out	wec-phrasal	使变灰（不可用）	fade or disable by graying	phrasal	英
grind into	wec-phrasal	碾进、磨进	press or crush into	phrasal	
grind up	wec-phrasal	磨碎	grind into small bits	phrasal	
gross up	wec-phrasal+moby-pos	__LLM_PENDING__		phrasal	
grow apart	wec-phrasal	日渐疏远	drift away from each other	phrasal	
grow in	wec-phrasal	在…上增长	increase in quality or degree	collocation	
grow to	wec-phrasal	渐渐变得	gradually come to	phrasal	
grow together	wec-phrasal	__LLM_PENDING__		phrasal	
grow up on	wec-phrasal	__LLM_PENDING__		phrasal	
grow upon	wec-phrasal	渐得…喜爱	gradually become pleasing to	phrasal	正
gulp in	wec-phrasal	__LLM_PENDING__		phrasal	
gut out	wec-phrasal	硬扛到底	endure bravely to the end	phrasal	美,口
hack into	wec-phrasal	黑进（电脑系统）	break into a computer	collocation	科
hack off	wec-phrasal	使大为恼火	annoy intensely	phrasal	口
hack up	wec-phrasal	咳出；猛砍	cough violently; chop	phrasal	
halfway there""	baiango-idiom	__LLM_PENDING__		idiom	
ham up	wec-phrasal	夸张做戏	overact for effect	phrasal	口
hammer away	wec-phrasal	埋头猛干	work steadily and hard	phrasal	
hammer away at	wec-phrasal	坚持做；抨击	keep at; criticize repeatedly	phrasal	
hand around	wec-phrasal	挨个分发	pass things around	collocation	
hand round	wec-phrasal	传阅分发	pass round to others	phrasal	英
handle the door with care	baiango-idiom	__LLM_PENDING__		idiom	
hang about!	wec-phrasal	等等！搞什么呀！	wait a moment; exclamation	phrasal	英,口
hang around with	wec-phrasal	与…厮混	spend time with	phrasal	口
hang back from	wec-phrasal	畏缩不前	be reluctant about	phrasal	
hang it up	wec-phrasal	算了！去他的！	mild exclamation of annoyance	slang	口
hang onto	wec-phrasal	保住；抓紧	retain possession of	phrasal	
hang out for	wec-phrasal	苦等；坚持要	wait eagerly for	phrasal	美,口
hang with	wec-phrasal	与…泡在一起	spend time with	slang	美,口
hanging by a thread	baiango-idiom	命悬一线	precarious	idiom	
hanker for	wec-phrasal	渴望，惦记	have a craving for	phrasal	
happy as a clam	baiango-idiom	心满意足	very content	idiom	
hard nut to crack	baiango-idiom	难啃的骨头	a tough problem	idiom	
harp on	wec-phrasal	老调重弹，唠叨	complain repetitively about	phrasal	口
hat in hand""	baiango-idiom	恭顺认错地	humbly	idiom	
hatch a plan	baiango-idiom	谋划方案	devise a plan	collocation	
hatch out	wec-phrasal	孵出；成真	hatch and emerge	phrasal	
hate on	wec-phrasal	无脑黑、喷	deride or attack	slang	美,俚
have against	wec-phrasal	对…反感	dislike or object to	phrasal	
have around	wec-phrasal	请…来家里	keep or host at home	phrasal	
have away	wec-phrasal	__LLM_PENDING__		phrasal	
have down as	wec-phrasal	把…看成	regard as	phrasal	英
have got against	wec-phrasal	对…有成见	harbor dislike for	phrasal	英,口
have in	wec-phrasal+moby-pos	请…上门	host at home	phrasal	英
have in for	wec-phrasal	__LLM_PENDING__		phrasal	
have it in for	wec-phrasal	存心整…	hold a grudge against	idiom	口
have off	wec-phrasal	__LLM_PENDING__		phrasal	
have out	wec-phrasal+moby-pos	彻底摊牌	settle by arguing it out	phrasal	口
have over	wec-phrasal	请…来家里（美）	host at one's home	phrasal	美
have round	wec-phrasal	请…来家里（英）	host at one's home	phrasal	英
have sticky fingers	baiango-idiom	手脚不干净	inclined to steal	idiom	
have up	wec-phrasal+moby-pos	传…受审	summon to court	phrasal	英,法
hear it on the grapevine	baiango-idiom	从小道消息听说	hear rumors	idiom	
heartfelt gift	baiango-idiom	__LLM_PENDING__		idiom	
heat through	wec-phrasal	加热至热透	heat until thoroughly hot	collocation	
hedge with	wec-phrasal	对…诸多设限	surround with qualifications	phrasal	正
help along	wec-phrasal	助推…进展	assist something forward	phrasal	
hide behind	wec-phrasal	拿…当挡箭牌	use as excuse or shield	idiom	
hit for	wec-phrasal	硬要、讹（钱）	demand money from	slang	美,口
hit the bullseye	baiango-idiom	正中目标	succeed perfectly	idiom	
hit the gas	baiango-idiom	猛踩油门加速	speed up	idiom	
hit the ground running	baiango-idiom	一上手就全力冲刺	start strongly	idiom	
hit the right note	baiango-idiom	恰到好处	strike the right tone	idiom	
hit the road of adventure	baiango-idiom	__LLM_PENDING__		idiom	
hit up on	wec-phrasal	__LLM_PENDING__		phrasal	
hit with	wec-phrasal	突然以…打击；起诉	strike or sue suddenly	collocation	法
hitting the road	baiango-idiom	上路出发	departing	idiom	
hitting the sack	baiango-idiom	上床睡觉	going to sleep	idiom	
hitting the target	baiango-idiom	达成目标	meeting the goal	collocation	
hold back from	wec-phrasal	克制不做	restrain oneself from	phrasal	
hold out against	wec-phrasal	抵抗，不屈服	resist stubbornly	phrasal	
hold out for	wec-phrasal	坚持要求（条件）	demand before agreeing	phrasal	
hold out on	wec-phrasal	对…隐瞒；拖欠	withhold from	slang	口
hold the key	baiango-idiom	掌握关键	hold the answer	idiom	
hold up as	wec-phrasal	奉为…典范	present as a model	phrasal	
home in on	wec-phrasal	锁定；瞄准	target or focus on	phrasal	
home is where the heart is	baiango-idiom	家是心之所在	home is where you belong	idiom	
home sweet home	baiango-idiom	甜蜜的家	beloved home	idiom	
hone in on	wec-phrasal	聚焦，锁定	concentrate on	phrasal	美
hook into	wec-phrasal	接入；挂钩与	connect or join up with	phrasal	科
hook up to	wec-phrasal	连接到（设备）	connect to	collocation	
hoon around	wec-phrasal	飙车游荡	drive around fast and carelessly	phrasal	澳,俚
hoover up	wec-phrasal	吸净；大肆吞并	vacuum or absorb greedily	phrasal	英
hound out	wec-phrasal	追得…出走	drive out by harassment	phrasal	
hover around	wec-phrasal	徘徊；大约（数）	linger near; be approximately	phrasal	
howl down	wec-phrasal+moby-pos	以嘘声吼声压下	drown out with howls	phrasal	
hutch up	wec-phrasal	__LLM_PENDING__		phrasal	
in the blink of an eye	baiango-idiom	眨眼之间	in an instant	idiom	
in the cityscape	baiango-idiom	__LLM_PENDING__		idiom	
in the desert	baiango-idiom	__LLM_PENDING__		idiom	
in the driver's seat	baiango-idiom	掌权主导	in control	idiom	
in the early morning	baiango-idiom	__LLM_PENDING__		idiom	
in the files""	baiango-idiom	__LLM_PENDING__		idiom	
in the great outdoors	baiango-idiom	在大自然中	out in nature	collocation	
in the heat of the moment	baiango-idiom	一时冲动	in the moment	idiom	
in the land of nod""	baiango-idiom	在梦乡中	asleep (BrE)	idiom	诙,英
in the light of day	baiango-idiom	真相大白	come to light	idiom	
in the lion's den	baiango-idiom	身处险境	in a dangerous place	idiom	
in the loop	baiango-idiom	在知情圈内	kept informed	idiom	
in the moonlight	baiango-idiom	__LLM_PENDING__		idiom	
in the morning light	baiango-idiom	__LLM_PENDING__		idiom	
in the starry night	baiango-idiom	__LLM_PENDING__		idiom	
in your genes""	baiango-idiom	__LLM_PENDING__		idiom	
ink in	wec-phrasal+moby-pos	__LLM_PENDING__		phrasal	
inquire of	wec-phrasal	向…询问（正式）	ask formally of	collocation	正
invite along	wec-phrasal	__LLM_PENDING__		phrasal	
invite back	wec-phrasal	__LLM_PENDING__		phrasal	
invite in	wec-phrasal	__LLM_PENDING__		phrasal	
invite over	wec-phrasal	请…来家里	host at home	phrasal	美
invite round	wec-phrasal	请…来家里	host at home	phrasal	英
it takes two to tango	baiango-idiom	一个巴掌拍不响	both sides to blame	idiom	
it's a small world	baiango-idiom	世界真小	the world is small	idiom	
it's not rocket science	baiango-idiom	又不是高深学问	it's not complicated	idiom	
it's raining cats and dogs	baiango-idiom	倾盆大雨	raining heavily	idiom	
jabber away	wec-phrasal	叽叽喳喳说个不停	talk rapidly and endlessly	phrasal	口
jack around	wec-phrasal	糊弄折腾	mistreat or mess about	slang	美,口
jam on	wec-phrasal	猛踩（刹车）	press down hard on	phrasal	
jam on the brakes	baiango-idiom	猛踩刹车	brake hard	collocation	
jam up	wec-phrasal	堵塞；卡住	become blocked	phrasal	
jaw away	wec-phrasal	闲聊个没完	chat away idly	phrasal	英,口
jockey into	wec-phrasal	耍手腕使…就范	maneuver into position	phrasal	时
join with	wec-phrasal	__LLM_PENDING__		phrasal	
joke around	wec-phrasal	插科打诨	banter playfully	phrasal	口
judge a book by its cover	baiango-idiom	以貌取人	judge by appearances	idiom	
juicy burger	baiango-idiom	__LLM_PENDING__		idiom	
jump into	wec-phrasal	__LLM_PENDING__		phrasal	
jump out at	wec-phrasal	（特点）跃入眼帘	be strikingly noticeable	idiom	
jump the tracks""	baiango-idiom	出轨越轨	go off course	idiom	英
keep an eye out""	baiango-idiom	留神注意	watch for	idiom	
keep around	wec-phrasal	留在身边	keep somebody nearby	phrasal	美
keep on about	wec-phrasal	老是念叨…	keep talking about	phrasal	英,口
keep something at bay	baiango-idiom	牵制住不让靠近	keep at distance	idiom	
keep up at	wec-phrasal	__LLM_PENDING__		phrasal	
keep your chin up	baiango-idiom	别灰心	stay positive	idiom	
keep your eyes peeled	baiango-idiom	瞪大眼睛盯着	watch closely	idiom	
keep your fingers crossed	baiango-idiom	祈求好运	wish for luck	idiom	
keep your nose to the grindstone	baiango-idiom	埋头苦干	work hard	idiom	
key down	wec-phrasal	__LLM_PENDING__		phrasal	
key in on	wec-phrasal	摸清…的门道	figure out or tune into	slang	美,口
key on	wec-phrasal	以…为主攻/重点	focus on as key	phrasal	美
key to	wec-phrasal	__LLM_PENDING__		phrasal	
kick around with	wec-phrasal	与…厮混	spend time with	phrasal	美,口
kick in the teeth	wec-phrasal	恩将仇报的打击	cruel rebuff after effort	idiom	
kick the door down	baiango-idiom	踹门而入	break in	idiom	
kicking the bucket	baiango-idiom	翘辫子归西	dying (humorous)	idiom	诙
kill two birds	baiango-idiom	一石二鸟	achieve two ends at once	idiom	
killing two birds with one stone	baiango-idiom	一举两得	gain two ends with one action	idiom	
king of the jungle	baiango-idiom	丛林之王	dominant figure	idiom	
kip down on	wec-phrasal	打地铺凑合睡	sleep informally on	slang	英,口
kiss up to	wec-phrasal	拍马屁溜须	flatter for favor	slang	口
knee jerk reaction	baiango-idiom	不经大脑的反应	automatic unthinking response	idiom	
knock around	wec-phrasal	四处闲逛；反复琢磨	roam or ponder casually	phrasal	口
knock it off!	wec-phrasal	住手！别闹了！	stop that behavior	slang	美,口
land in	wec-phrasal	使陷入（困境）	cause trouble for	collocation	英
land up in	wec-phrasal	最终到达,落到	arrive or end up in a place	phrasal	口,英
land with	wec-phrasal+moby-pos	落到…头上,由…决定	fall to someone as a responsibility	phrasal	
lapse into	wec-phrasal	逐渐陷入(某状态)	gradually slip into a worse state	phrasal	
large it up	wec-phrasal	__LLM_PENDING__		phrasal	
lark around	wec-phrasal	疯闹嬉戏	play around goofily	phrasal	口,英
lark it up	wec-phrasal	尽情疯玩	have a rollicking good time	phrasal	口,英
lash into	wec-phrasal	猛烈抨击,痛斥	berate or attack fiercely	phrasal	口
lash out against	wec-phrasal	猛烈抨击	speak angrily against	phrasal	时
latch on to	wec-phrasal	紧抓不放;琢磨透	grasp or become fixated on	phrasal	
lay before	wec-phrasal	呈交给,摆到…面前	present for someone's consideration	phrasal	正
laze around	wec-phrasal	懒洋洋闲荡	spend time lazily	phrasal	口
lead into	wec-phrasal	通向;引出	flow or transition into	phrasal	
lead on to	wec-phrasal	引导至,继而带来	bring on toward something	phrasal	
lead with	wec-phrasal	以…打头;头条放	put first as the lead item	phrasal	时
leap in	wec-phrasal	立刻加入,插手	join in without hesitation	phrasal	
leap on	wec-phrasal	如获至宝般抓住	seize eagerly on	phrasal	口
leap out at	wec-phrasal	跃入眼帘,显而易见	catch one's attention at once	phrasal	
leap upon	wec-phrasal	扑向,猛攻	pounce upon	phrasal	
learn the ropes""	baiango-idiom	摸清门道	learn how a job is done	idiom	
leave on	wec-phrasal	让…一直开着	keep something switched on	phrasal	
lend an ear	baiango-idiom	倾听,侧耳听	listen attentively to someone	idiom	
let in on	wec-phrasal	让…知情,拉入伙	share a secret with someone	phrasal	
let up on	wec-phrasal	对…松劲,减弱	become less severe or intense	phrasal	
letting bygones be bygones	baiango-idiom	既往不咎	forgiving and forgetting past offenses	idiom	
letting the cat out of the bag	baiango-idiom	泄露秘密	revealing a secret inadvertently	idiom	
level at	wec-phrasal	瞄准;指向(指责)	aim or direct against	phrasal	
level with	wec-phrasal	跟…说实话	be frank and honest with	phrasal	口
lie ahead	wec-phrasal	摆在前方,有待经历	be still to come	collocation	
lie behind	wec-phrasal	是…背后的缘由	be the hidden reason for	collocation	
life is a rollercoaster	baiango-idiom	人生如过山车	life swings between highs and lows	idiom	口
light a fire under someone""	baiango-idiom	给…加把火,督促某人	urge someone to act with urgency	idiom	口
light at the end of the tunnel	baiango-idiom	隧道尽头的光	hope after prolonged hardship	idiom	
lights, camera, action	baiango-idiom	好戏即将开场	everything is ready to begin	idiom	诙
like a bat out of hell	baiango-idiom	飞奔一样	at extremely high speed	idiom	俚
like a kid in a candy store	baiango-idiom	兴奋得像个孩子	delighted to be somewhere	idiom	美
like a shooting star	baiango-idiom	__LLM_PENDING__		idiom	
limber up for	wec-phrasal	为…热身	make supple or ready for	phrasal	
link up with	wec-phrasal	与…会合,搭上线	join or meet up with	phrasal	
listen out for	wec-phrasal	留心听	pay attention to hear a sound	phrasal	英
living the dream	baiango-idiom	活成了梦想样子	enjoy ideal life, often ironically	idiom	诙
load up on	wec-phrasal	大量补充,猛吃	consume or stock plenty of	phrasal	口
lock in on	wec-phrasal	死死锁定	focus intently on	phrasal	
lock into	wec-phrasal	使固定;锁定	commit or fasten firmly to	phrasal	
lock yourself away	wec-phrasal	把自己关起来,避世	seclude yourself from others	phrasal	
log into	wec-phrasal	登录	sign in to (an account or system)	phrasal	
look in on	wec-phrasal	顺道探望,看一下	visit briefly to check on	phrasal	口,英
look on as	wec-phrasal	把…看作	regard or consider as	phrasal	
look upon as	wec-phrasal	把…视为	look upon as being	phrasal	
loose on	wec-phrasal	放开…袭击,施于	set loose to attack or plague	phrasal	
lose out on	wec-phrasal	错失	miss an opportunity for	phrasal	
lose out to	wec-phrasal	败给,输给	be defeated or superseded by	phrasal	
lose your cool	baiango-idiom	沉不住气,失态	lose one's composure	idiom	口
lose your marbles	baiango-idiom	疯掉	go crazy	idiom	俚
losing your marbles	baiango-idiom	快要疯了	losing one's sanity	idiom	俚
lost in the cosmos""	baiango-idiom	__LLM_PENDING__		idiom	
lost in the stars	baiango-idiom	__LLM_PENDING__		idiom	
lost in the woods	baiango-idiom	__LLM_PENDING__		idiom	
loud and clear	baiango-idiom	听得一清二楚	perfectly heard and understood	idiom	
luck of the draw	baiango-idiom	全凭运气,随机际遇	chance beyond one's control	idiom	
luck of the irish""	baiango-idiom	出奇的好运	remarkably good fortune	idiom	
mail off	wec-phrasal	寄走	send by mail	phrasal	
make a grand entrance	baiango-idiom	隆重登场	arrive in a showy way	collocation	
make a house a home""	baiango-idiom	让房子变成家	make a dwelling warm and lived-in	idiom	
make it up to	wec-phrasal	补偿(某人)	compensate someone for a loss	idiom	
make some noise	baiango-idiom	大声造势,喝彩	be loudly enthusiastic	idiom	口
make towards	wec-phrasal	朝…走去	move in the direction of	phrasal	英
man down	wec-phrasal	有人倒下了	emergency cry: someone collapsed	idiom	军
manage down	wec-phrasal	精简,逐步裁减	reduce size or workforce gradually	phrasal	财
manage up	wec-phrasal	向上管理	work effectively with your boss	collocation	财
map onto	wec-phrasal	对应于,映射至	correspond or be matched to	collocation	
mapping the journey	baiango-idiom	__LLM_PENDING__		idiom	
march to the beat of your own drum	baiango-idiom	特立独行,走自己的路	follow your own path	idiom	
mark as	wec-phrasal	__LLM_PENDING__		phrasal	
mark down as	wec-phrasal	把…看作,判定	classify or regard as	phrasal	
mark on the calendar	baiango-idiom	__LLM_PENDING__		idiom	
mark out from	wec-phrasal	使与众不同	distinguish or set apart from	phrasal	
mark the calendar	baiango-idiom	__LLM_PENDING__		idiom	
mark the occasion joyfully	baiango-idiom	__LLM_PENDING__		idiom	
marry in	wec-phrasal	嫁入(本家族/本地)	marry into the husband's family	phrasal	英
marry out	wec-phrasal	外嫁(到其他家族/地方)	marry outside one's family or locality	phrasal	英
measure against	wec-phrasal	对照…衡量	judge by comparison with	collocation	
mess about with	wec-phrasal	瞎摆弄,乱搞	tamper or trifle with	phrasal	口
mess around with	wec-phrasal	胡乱摆弄	fiddle or experiment with	phrasal	口
method to my madness	baiango-idiom	疯狂之中自有章法	hidden logic in odd behavior	idiom	
mind over matter	baiango-idiom	精神战胜物质	willpower overcomes physical limits	idiom	
miss out on	wec-phrasal	错过,失去	lose the chance of	phrasal	
model on	wec-phrasal	以…为模板	pattern or base on	phrasal	
moggy off	wec-phrasal	__LLM_PENDING__		phrasal	
monkey see, monkey do	baiango-idiom	盲目模仿	copy without thinking	idiom	口
mooch about	wec-phrasal	闲逛,游手好闲	wander around aimlessly	phrasal	口,英
mooch around	wec-phrasal	四处闲逛	roam about with no purpose	phrasal	口,英
moon over	wec-phrasal	迷恋,神魂颠倒	be dreamily fond of	phrasal	口
moonstruck	baiango-idiom	__LLM_PENDING__		idiom	
mope about	wec-phrasal	闷闷不乐地闲晃	behave dejectedly	phrasal	口
morning glow	baiango-idiom	__LLM_PENDING__		idiom	
move ahead	wec-phrasal	前进,推进	make progress, proceed	phrasal	
move towards	wec-phrasal	趋向,迈向	progress toward	collocation	
mug up on	wec-phrasal	临时抱佛脚,突击	cram for an exam	phrasal	俚,英
muscle in on	wec-phrasal	强行插足,挤占	force one's way into	phrasal	口
naff off	wec-phrasal	走开,滚开	go away (mildly rude)	phrasal	俚,英
nail it down	baiango-idiom	彻底弄明白,敲定	pin down or confirm exactly	phrasal	
name for	wec-phrasal	以…命名	award a name in honor of	phrasal	美
navigate the waters	baiango-idiom	在复杂局面中周旋	handle a complicated situation	collocation	
needle in a haystack	baiango-idiom	大海捞针	something nearly impossible to find	idiom	
nerd out	wec-phrasal	疯狂钻研爱好	geek out over niche topics	phrasal	俚
new dawn	baiango-idiom	新纪元,新曙光	a fresh beginning	collocation	
new day dawns	baiango-idiom	__LLM_PENDING__		idiom	
nibble away at	wec-phrasal	一点点蚕食	erode gradually by small amounts	phrasal	
nick off	wec-phrasal	滚开	vulgar command to go away	phrasal	粗,俚,英
nip it in the bud	baiango-idiom	扼杀在萌芽状态	stop a problem at an early stage	idiom	
no pain, no gain	baiango-idiom	没有付出就没有收获	effort is required for results	idiom	体
no-go zone""	baiango-idiom	禁区	place out of bounds	collocation	军
nod through	wec-phrasal	__LLM_PENDING__		phrasal	
nose around	wec-phrasal	四处窥探	snoop or search about	phrasal	口
not a spark of decency	baiango-idiom	__LLM_PENDING__		idiom	
not everything that glitters is gold	baiango-idiom	发光未必是金子	appearances can be deceiving	idiom	
not my cup of tea	baiango-idiom	不对我胃口	not to one's liking	idiom	
not playing with a full deck	baiango-idiom	脑子缺根弦,不正常	slightly crazy or foolish	idiom	俚
not ring a bell	baiango-idiom	毫无印象	fail to sound familiar	idiom	
number among	wec-phrasal	把…列入,归入	be counted among	collocation	
nut out	wec-phrasal	琢磨出,搞定	work out, figure out	phrasal	口,澳
occur to	wec-phrasal	突然想到	come into one's mind	phrasal	
off the beaten path	baiango-idiom	偏僻少人走,不落俗套	away from the well-traveled route	idiom	美
off the charts""	baiango-idiom	爆表,高得离谱	far above the normal range	idiom	
off the radar""	baiango-idiom	不留神,未被察觉	not noticed or being monitored	idiom	口
old as the hills	baiango-idiom	老掉牙的	extremely old	idiom	
on the path to success	baiango-idiom	__LLM_PENDING__		idiom	
on the same boat	baiango-idiom	同处困境	in the same difficult situation	idiom	
on the same page	baiango-idiom	达成共识	in mutual agreement	idiom	
on the same wavelength	baiango-idiom	频率相同,心意相通	think alike without explaining	idiom	
once bitten, twice shy	baiango-idiom	一朝被蛇咬十年怕井绳	bad experience teaches caution	idiom	
one foot in the door	baiango-idiom	初获门径,小成突破	a start you can build on	idiom	
open a can of worms	baiango-idiom	捅大篓子,惹出麻烦	create a complicated new problem	idiom	
open a door	baiango-idiom	打开机会之门	create new opportunities	collocation	
open doors	baiango-idiom	广开机遇之门	create new opportunities	collocation	
open the door	baiango-idiom	带来机会,打开大门	create an opportunity	collocation	
open the door carefully	baiango-idiom	__LLM_PENDING__		idiom	
open the door to opportunity""	baiango-idiom	开启机遇之门	make new opportunities possible	collocation	
open the door to possibilities	baiango-idiom	打开无限可能之门	make new possibilities possible	collocation	
open the floodgates	baiango-idiom	打开闸门,一发不可收	allow a sudden rush of something	idiom	
opening a can of worms	baiango-idiom	惹出一堆麻烦	creating a tangled new problem	idiom	
opt into	wec-phrasal	选择加入	choose to join a program	phrasal	
order about	wec-phrasal+moby-pos	支使来支使去	give constant orders to	phrasal	英
order around	wec-phrasal	指使来指使去	give orders to constantly	phrasal	
order in	wec-phrasal	点外卖;叫进来	have food delivered	phrasal	口
order off	wec-phrasal	__LLM_PENDING__		phrasal	
order out	wec-phrasal	下令撤出,赶走	command someone to leave	phrasal	美
order out for	wec-phrasal	__LLM_PENDING__		phrasal	
order up	wec-phrasal	端上来;前调	cause to be brought forward	phrasal	
out of your depth	baiango-idiom	力不从心,难以应付	beyond one's ability to cope	idiom	
over the rainbow	baiango-idiom	__LLM_PENDING__		idiom	
pack your bags	baiango-idiom	__LLM_PENDING__		idiom	
packing a punch	baiango-idiom	威力十足	having a strong effect	idiom	
pad down	wec-phrasal	__LLM_PENDING__		phrasal	
pad up	wec-phrasal	__LLM_PENDING__		phrasal	
page down	wec-phrasal	向下翻页	scroll down a page	phrasal	
page through	wec-phrasal	快速翻阅	skim by turning pages	phrasal	
page up	wec-phrasal	向上翻页	scroll up a page	phrasal	
paint a vivid picture	baiango-idiom	生动地描绘	describe vividly	collocation	
paint the town with joy	baiango-idiom	__LLM_PENDING__		idiom	
paint with broad strokes	baiango-idiom	粗略勾勒,大笔描绘	describe in general terms	collocation	
pair up	wec-phrasal	结对,两两组合	form into pairs	phrasal	
pal about	wec-phrasal	厮混闲逛	spend casual time together	phrasal	口,英
pal around	wec-phrasal	厮混,闲混	hang around as pals	phrasal	口
parachute in	wec-phrasal	空降(接管/任职)	arrive suddenly to take charge	phrasal	
pare back	wec-phrasal	削减,压缩	reduce gradually	phrasal	财,英
partner up	wec-phrasal	结成伙伴,合伙	form a partnership	phrasal	
pass back	wec-phrasal	回传;交还	send or return back	phrasal	
pass on to	wec-phrasal	转交给	forward to someone else	phrasal	
pass round	wec-phrasal	分发,传阅	circulate among the group	phrasal	英
pave over	wec-phrasal	__LLM_PENDING__		phrasal	
pawn off	wec-phrasal	诓卖出去,甩掉	get rid of by trickery	phrasal	口
pawn off as	wec-phrasal	谎称是…蒙混	pass off falsely as	phrasal	口
peal out	wec-phrasal	响彻,轰鸣传出	ring out loudly	phrasal	正
pedal to the metal	baiango-idiom	油门踩到底,全力冲刺	at full speed	idiom	口
pee down	wec-phrasal	__LLM_PENDING__		phrasal	
peel away	wec-phrasal	驶离,散开离开	move away from the group	phrasal	
peel away from	wec-phrasal	从…脱离	move away from	phrasal	
peel off from	wec-phrasal	脱离(队伍)	break off from	phrasal	
peg back	wec-phrasal	抑制住(通胀物价)	keep (inflation) under control	phrasal	财,英
peg it	wec-phrasal	开溜;拼命干活	hurry away or work flat out	phrasal	俚,英
pen a letter	baiango-idiom	亲笔写（信）	write a letter, in formal or literary style	collocation	正
pen in	wec-phrasal	关进栏内；围困	shut in a pen; restrict movement	phrasal	
pencil in	wec-phrasal	暂记（时间）	arrange tentatively in the diary	phrasal	
penny for your thoughts	baiango-idiom	在想什么？说来听听	tell me what you are thinking	idiom	
phone back	wec-phrasal	回电话	call someone back by phone	phrasal	
phone round	wec-phrasal	挨个打电话	telephone several people in turn	phrasal	英
phone through	wec-phrasal	__LLM_PENDING__		phrasal	
pick through	wec-phrasal	翻拣	search by sorting through items	phrasal	
pick up after	wec-phrasal	替（某人）收拾残局	tidy up after someone's mess	phrasal	口
pick yourself up	wec-phrasal	跌倒后爬起；重新振作	recover after a fall or setback	idiom	
picture paints a thousand words	baiango-idiom	一图胜千言	a picture expresses far more than words	idiom	
picture-perfect	baiango-idiom	__LLM_PENDING__		idiom	
piddle around	wec-phrasal	磨磨蹭蹭，虚度光阴	waste time on trivial things	phrasal	口
piece of candy	baiango-idiom	__LLM_PENDING__		idiom	
piece of the puzzle	baiango-idiom	谜团一角；线索之一	one part of a complicated situation	collocation	
pig off	wec-phrasal	__LLM_PENDING__		phrasal	
pit out	wec-phrasal	__LLM_PENDING__		phrasal	
pitch against	wec-phrasal	__LLM_PENDING__		phrasal	
pitch for	wec-phrasal	争取（合同/支持）	try to win business or support	phrasal	
plant over	wec-phrasal	__LLM_PENDING__		phrasal	
plant the seeds	baiango-idiom	播下（……的）种子	lay the basis for something to grow	collocation	
plant up	wec-phrasal	栽满，种上	plant an area thickly	phrasal	
planting the seeds	baiango-idiom	播下（……的）种子	lay the basis for something to grow	collocation	
plate up	wec-phrasal	装盘	serve food onto plates	phrasal	口
play off against	wec-phrasal	挑拨双方为己谋利	set rivals against each other for advantage	phrasal	
play upon	wec-phrasal	利用（恐惧、偏见）	exploit fears or prejudices	phrasal	
play your cards right	baiango-idiom	运筹得当	act skillfully to gain an advantage	idiom	
plead out	wec-phrasal	__LLM_PENDING__		phrasal	
plop down	wec-phrasal	扑通坐下；砸（钱）	sit down heavily; pay out money	phrasal	口
plough ahead	wec-phrasal	强行推进，埋头苦干	press on with a plan despite difficulty	phrasal	英
plow into	wec-phrasal	猛撞；猛烈抨击	crash into; attack in words	phrasal	美
plow on	wec-phrasal	埋头苦干，坚持推进	keep working laboriously	phrasal	美
plow through	wec-phrasal	艰难穿过；硬着头皮读完	get through something long and boring	phrasal	
plow up	wec-phrasal	__LLM_PENDING__		phrasal	
plumb in	wec-phrasal	__LLM_PENDING__		phrasal	
plump yourself down	wec-phrasal	一屁股坐下	drop heavily into a seat	phrasal	口
poke the bear	baiango-idiom	招惹强者，自找麻烦	provoke someone powerful who may retaliate	idiom	
poop out on	wec-phrasal	（体力）垮掉支撑不住	lose energy and fail, letting someone down	phrasal	口,美
pootle along	wec-phrasal	慢悠悠地前行	move along slowly and pleasantly	phrasal	英,口
pop down to	wec-phrasal	顺路去一下	go briefly to a place	phrasal	英,口
pot on	wec-phrasal	__LLM_PENDING__		phrasal	
pound into	wec-phrasal	__LLM_PENDING__		phrasal	
pour out one's heart	baiango-idiom	倾吐心声	reveal your deepest feelings	idiom	
prattle on	wec-phrasal	喋喋不休	talk at length in a silly way	phrasal	口
press forward with	wec-phrasal	坚定推进	advance a plan with determination	phrasal	
press into	wec-phrasal	__LLM_PENDING__		phrasal	
presume on	wec-phrasal	滥用（善意/权利）	take unfair advantage of kindness	phrasal	正
prey upon	wec-phrasal	捕食；侵害；萦绕心头	prey on; exploit; torment the mind	phrasal	
price in	wec-phrasal	提前计入价格	anticipate something in current prices	phrasal	财
price up	wec-phrasal	__LLM_PENDING__		phrasal	
prise out of	wec-phrasal	撬走；夺走	force out of someone's grasp	phrasal	英
pull a rabbit out of a hat	baiango-idiom	出奇制胜的妙招	produce an unexpected solution in a crisis	idiom	
pull for	wec-phrasal	支持，为……加油	root for someone	phrasal	口
pull to	wec-phrasal	轻轻拉上（门）	close a door by pulling it	phrasal	
pull yourself together	wec-phrasal	冷静下来，振作起来	regain your self-control and calm	phrasal	
pulling your leg	baiango-idiom	逗你玩，开玩笑	teasing someone playfully	idiom	口
pump (money) into	wec-phrasal	大量注资	pour large sums of money into	phrasal	财
pump in	wec-phrasal	注入（资金/资源）	pump money or fuel in	phrasal	财
pump into	wec-phrasal	大量注入	force money or liquid into	phrasal	
put all your eggs in one basket	baiango-idiom	孤注一掷	risk everything on one venture	idiom	
put around	wec-phrasal	散布（消息）	spread information around	phrasal	
put at	wec-phrasal	估计（数量）	estimate an amount	phrasal	
put before	wec-phrasal	提交……审议	present a proposal for consideration	phrasal	
put down for	wec-phrasal	登记参加；付定金	sign up to join; pay a deposit for	phrasal	
put it in writing	baiango-idiom	写成文字为凭	make it official in a document	collocation	
put on a show	baiango-idiom	摆样子；作秀	stage an impressive display	idiom	口
put on your thinking cap	baiango-idiom	动动脑筋	think hard about a problem	idiom	口
put onto	wec-phrasal	使了解，提供线索	tip someone off to an idea	phrasal	
put round	wec-phrasal	顺便登门拜访	visit someone informally	phrasal	英,口
put towards	wec-phrasal	为……出钱出力	contribute money or effort to	phrasal	
put up to	wec-phrasal	怂恿，教唆	encourage someone to do something naughty	phrasal	口
put your best foot forward""	baiango-idiom	全力以赴，尽力表现	make your best effort or impression	idiom	
put your foot down	baiango-idiom	拍板反对，态度坚决	refuse firmly and assert your authority	idiom	
put your money where your mouth is	baiango-idiom	说到做到，用行动兑现	prove your words by real action	idiom	
put your shoulder to the wheel""	baiango-idiom	埋头苦干	work hard with sustained effort	idiom	
putting on a show	baiango-idiom	摆样子；作秀	stage an impressive display	idiom	口
quarrel out	wec-phrasal	__LLM_PENDING__		phrasal	
queer up	wec-phrasal	__LLM_PENDING__		phrasal	
quieten down	wec-phrasal	安静下来	become calmer and quieter	phrasal	英
quit on	wec-phrasal	抛弃；对…失望放弃	give up on and abandon someone	phrasal	口,美
race off	wec-phrasal+moby-pos	疾驰而去	speed off somewhere	phrasal	
race to the finish	baiango-idiom	冲向终点的竞争	a close final stage of a contest	collocation	
rack off	wec-phrasal	__LLM_PENDING__		phrasal	
rack out	wec-phrasal	倒头就睡	collapse into sleep	phrasal	美,俚
railroad through	wec-phrasal	强行快速通过（法案）	rush a bill through despite opposition	phrasal	时
rain down on	wec-phrasal	（弹雨/批评）倾泻而下	fall or attack heavily on a target	phrasal	
rain on someone's parade	baiango-idiom	泼冷水，扫兴	spoil someone's fun	idiom	
rain on the parade	baiango-idiom	泼冷水，扫兴	spoil the fun	idiom	
raindrops of joy	baiango-idiom	__LLM_PENDING__		idiom	
raining cats and dogs	baiango-idiom	倾盆大雨	raining very heavily	idiom	
raise a glass	baiango-idiom	举杯祝酒	lift your glass in a toast	collocation	
raise a red flag	baiango-idiom	引起警觉，亮红灯	trigger concern or warning	idiom	
raise the white flag	baiango-idiom	举白旗认输	surrender or give up	idiom	
raise your voice	baiango-idiom	提高嗓门；公开抗议	speak angrily; protest openly	collocation	
raising a red flag	baiango-idiom	引起警觉，亮红灯	triggering concern or warning	idiom	
rake in the money	baiango-idiom	轻松赚大钱	make lots of money with little effort	idiom	口
rake it in	wec-phrasal	赚得盆满钵满	make a lot of money quickly	idiom	口
rat through	wec-phrasal	__LLM_PENDING__		phrasal	
ratchet up	wec-phrasal	逐步推高	increase something steadily or sharply	phrasal	
rattle around	wec-phrasal	独自住空屋；叮当作响	live alone in a big empty place; clatter about	phrasal	
rattle out	wec-phrasal	__LLM_PENDING__		phrasal	
rattle through	wec-phrasal	匆匆念完/做完	get through something quickly	phrasal	
rattle up	wec-phrasal	__LLM_PENDING__		phrasal	
reach for the stars	baiango-idiom	志存高远	aim for the highest goals	idiom	
reach out to	wec-phrasal	主动联系	contact someone to offer or ask help	phrasal	
read all about it	baiango-idiom	请看报道详情	that is the full story (newsboy cry)	idiom	诙
read for	wec-phrasal	攻读（学位等）	study for a degree or qualification	phrasal	学
read into	wec-phrasal+moby-pos	过度解读	find meaning that may not be there	phrasal	
read the fine print	baiango-idiom	细看小字条款	read the small-print details carefully	collocation	
read the writing on the wall	baiango-idiom	预见败局/不祥之兆	recognize signs of coming failure	idiom	
repeat on	wec-phrasal	__LLM_PENDING__		phrasal	
report in	wec-phrasal	报到；汇报情况	announce your arrival or progress	phrasal	
restful slumber	baiango-idiom	__LLM_PENDING__		idiom	
ride off into the sunset	baiango-idiom	圆满退场	depart on a high note, like a western	idiom	
ride the tide	baiango-idiom	借势而上	be carried along by a rising trend	collocation	
ride the wave	baiango-idiom	乘势而上	take advantage of a favorable trend	collocation	
ride the waves	baiango-idiom	随波起伏	live through life's ups and downs	collocation	
riding the wave	baiango-idiom	乘势而上	taking advantage of a trend	collocation	
rifle through	wec-phrasal	翻查	search quickly through papers	phrasal	
right on target	baiango-idiom	__LLM_PENDING__		idiom	
ring in the new year	baiango-idiom	鸣钟辞旧迎新	welcome the new year with bells	idiom	
ring the alarm	baiango-idiom	敲响警钟	give warning of danger	collocation	
ring through	wec-phrasal	__LLM_PENDING__		phrasal	
ring with	wec-phrasal	回荡着	sound or resound with	phrasal	
rip on	wec-phrasal	__LLM_PENDING__		phrasal	
rise above	wec-phrasal+moby-pos	超然处之；不受困扰	stay above and unaffected by	phrasal	
rise and shine	baiango-idiom	起床啦	cheerful call to get up	idiom	口,诙
rock up	wec-phrasal	姗姗到场	turn up, often late or unexpected	phrasal	英,口
roll on	wec-phrasal+moby-pos	（时间）流逝	(of time) pass quickly	phrasal	
roll on!	wec-phrasal	快点到吧！	wishing for a day to arrive sooner	phrasal	口
roll the dice	baiango-idiom	豪赌一把，碰碰运气	take a risky gamble	idiom	
roll up!	wec-phrasal	快来集合	call people to gather round	phrasal	英,诙
romp ahead	wec-phrasal	轻松取得领先	take an easy lead	phrasal	体
romp in	wec-phrasal	__LLM_PENDING__		phrasal	
romp through	wec-phrasal+moby-pos	轻松闯过	get through with ease	phrasal	
room in	wec-phrasal	__LLM_PENDING__		phrasal	
root around	wec-phrasal	四处翻找	rummage around a place	phrasal	美,口
rope into	wec-phrasal	硬拉（某人）参与	get someone involved unwillingly	phrasal	
row back	wec-phrasal	收回立场/言论	withdraw or soften a stated position	phrasal	英,时
rub off on	wec-phrasal	潜移默化地感染	transfer a quality to someone unconsciously	phrasal	
rub up on	wec-phrasal	温习，重温	brush up on something	phrasal	美,口
rule out of	wec-phrasal	取消……资格	declare unable to take part	phrasal	法
run around after	wec-phrasal	围着……团团转	chase or fuss over someone	phrasal	英,口
run like the wind	baiango-idiom	__LLM_PENDING__		idiom	
run off with	wec-phrasal	卷走；私奔	steal and flee; elope with	phrasal	
run up on	wec-phrasal	__LLM_PENDING__		phrasal	
rush around	wec-phrasal	忙得团团转	hurry busily from place to place	phrasal	
saddle with	wec-phrasal	把负担强加给	burden with an unpleasant duty	phrasal	
sag off	wec-phrasal	__LLM_PENDING__		phrasal	
save for a rainy day	baiango-idiom	储蓄以备不时之需	save money for future emergencies	idiom	
save your bacon	baiango-idiom	摆脱困境，保住利益	save you from serious trouble	idiom	口
saved by the bell	baiango-idiom	最后一刻脱险	be rescued just in time	idiom	
savor the flavor	baiango-idiom	__LLM_PENDING__		idiom	
savour of	wec-phrasal	略带……之嫌	have a trace of something undesirable	phrasal	英,正
saw at	wec-phrasal	__LLM_PENDING__		phrasal	
scare into	wec-phrasal	__LLM_PENDING__		phrasal	
scoot over	wec-phrasal	挪一挪，让个位	move along to make room	phrasal	美,口
scout around	wec-phrasal	四处察看	look around to gather information	phrasal	
scout round	wec-phrasal	四处踩点	look around to find information	phrasal	英
scout up	wec-phrasal	__LLM_PENDING__		phrasal	
scrape back	wec-phrasal	__LLM_PENDING__		phrasal	
scrape into	wec-phrasal	勉强挤进（名额）	just succeed in getting a place	phrasal	
scratch around for	wec-phrasal	__LLM_PENDING__		phrasal	
screw over	wec-phrasal	坑害，狠狠算计	cheat or treat someone badly	phrasal	粗,美
scrub out	wec-phrasal	__LLM_PENDING__		phrasal	
scuzz up	wec-phrasal	__LLM_PENDING__		phrasal	
seal the deal	baiango-idiom	敲定交易，一锤定音	finish an agreement successfully	idiom	
section off	wec-phrasal	隔出一块区域	part off a section of an area	phrasal	
see around	wec-phrasal	__LLM_PENDING__		phrasal	
see in	wec-phrasal	__LLM_PENDING__		phrasal	
seeing the bigger picture	baiango-idiom	从大局着眼	considering the overall situation	idiom	
seeing the sunrise	baiango-idiom	__LLM_PENDING__		idiom	
seep away	wec-phrasal	渐渐流失消散	gradually drain away or disappear	phrasal	
seize the day	baiango-idiom	把握当下	make the most of the present	idiom	
select top wines	baiango-idiom	__LLM_PENDING__		idiom	
send out for	wec-phrasal	叫（外卖）	order food to be delivered	phrasal	
set off against	wec-phrasal	衬托；抵消	contrast to set off; offset	phrasal	
shade in	wec-phrasal	涂阴影；填色	fill an area with shading	phrasal	
shadow of doubt""	baiango-idiom	丝毫疑虑（多用于否定）	a trace of doubt, mostly in negatives	idiom	
shame into	wec-phrasal	__LLM_PENDING__		phrasal	
share a meal together	baiango-idiom	__LLM_PENDING__		idiom	
shedding light on	baiango-idiom	阐明，使更清楚	make something easier to understand	collocation	
shin up	wec-phrasal	手脚并用地爬上	climb up something using hands and feet	phrasal	口,英
shine bright	baiango-idiom	__LLM_PENDING__		idiom	
shine like a star	baiango-idiom	__LLM_PENDING__		idiom	
shine through	wec-phrasal	（特质）自然流露	be clearly apparent despite hiding	phrasal	
shining bright	baiango-idiom	__LLM_PENDING__		idiom	
ship has sailed	baiango-idiom	良机已逝，木已成舟	the opportunity is gone for good	idiom	
shit on	wec-phrasal	辱骂；坑害	treat or speak badly of someone	phrasal	粗,口
shoot back	wec-phrasal	反击；火速回应	return fire; reply quickly	phrasal	
shoot for the moon	baiango-idiom	敢于异想天开	aim for what seems impossible	idiom	
shoot for the stars	baiango-idiom	立志高远	aim very high in your goals	idiom	
shoot yourself in the foot	baiango-idiom	搬起石头砸自己脚	harm your own interests by mistake	idiom	
shop 'til you drop	baiango-idiom	血拼到腿软	shop until completely exhausted	idiom	口
shopping spree	baiango-idiom	疯狂扫货	a bout of indulgent buying	collocation	
shout from the mountaintops	baiango-idiom	大声公开宣扬	announce something loudly and publicly	idiom	
shout from the rooftops	baiango-idiom	公开大声宣告	proclaim widely for all to hear	idiom	
shout it from the mountaintops	baiango-idiom	昭告天下	shout something to the whole world	idiom	
shove around	wec-phrasal	欺负摆布	bully or intimidate someone	phrasal	
shove over	wec-phrasal	挪一挪让位置	move sideways to make space	phrasal	口
show over	wec-phrasal	领人参观（房子）	give a guided tour of a place	phrasal	英
show round	wec-phrasal	领着四处参观	show someone around a place	phrasal	英
shudder at	wec-phrasal	一想到…就打怵	react with horror or dread at	collocation	
shut out of	wec-phrasal	被排除在…之外	prevent from taking part in	phrasal	
shut yourself away	wec-phrasal	闭门独居，自我封闭	isolate yourself from others	phrasal	
sidle up to	wec-phrasal	悄悄侧身凑近	approach furtively beside someone	phrasal	
sift out	wec-phrasal	__LLM_PENDING__		phrasal	
sign into	wec-phrasal	__LLM_PENDING__		phrasal	
sign off on	wec-phrasal	签字批准	give official approval to	phrasal	
sign on with	wec-phrasal	签约加盟	join a team or firm by contract	phrasal	体
sign out of	wec-phrasal	__LLM_PENDING__		phrasal	
sign with	wec-phrasal	__LLM_PENDING__		phrasal	
sing your heart out	baiango-idiom	纵情放歌	perform with full emotional abandon	idiom	
sinking or swimming	baiango-idiom	__LLM_PENDING__		idiom	
sit in for	wec-phrasal	临时代理（某人）	temporarily act as someone's substitute	phrasal	
skate around	wec-phrasal	绕开敏感问题	avoid dealing with something directly	phrasal	
skeletons in the closet	baiango-idiom	不可告人的丑事	embarrassing hidden secrets	idiom	美
skive off	wec-phrasal	偷懒翘班	avoid work or school by sneaking off	phrasal	口,英
sky's the limit	baiango-idiom	一切皆有可能	anything can be achieved	idiom	
slag off	wec-phrasal	尖刻损人	criticize or mock harshly	phrasal	俚,英
slam out	wec-phrasal	__LLM_PENDING__		phrasal	
slant toward	wec-phrasal	__LLM_PENDING__		phrasal	
sleeping like a log	baiango-idiom	酣睡如死猪	sleeping very deeply and soundly	idiom	口
slice of the pie	baiango-idiom	应得利益的一份	a share of the available money	idiom	
sling off	wec-phrasal+moby-pos	__LLM_PENDING__		phrasal	
slip down	wec-phrasal	__LLM_PENDING__		phrasal	
slip off to	wec-phrasal	__LLM_PENDING__		phrasal	
slip out of	wec-phrasal	__LLM_PENDING__		phrasal	
slob about	wec-phrasal	懒散度日	waste time being lazy	phrasal	口
slob around	wec-phrasal	闲荡懒散度日	spend time idly doing nothing	phrasal	口
slow and steady wins the race	baiango-idiom	稳扎稳打终能胜	persistent steady effort wins in the end	idiom	
slow as a turtle	baiango-idiom	慢得像乌龟爬	moving extremely slowly	idiom	美
slug it out	wec-phrasal	死磕到底	fight or compete until a winner emerges	idiom	
smash down	wec-phrasal	__LLM_PENDING__		phrasal	
smash in	wec-phrasal	__LLM_PENDING__		phrasal	
smooth sailing	baiango-idiom	一帆风顺	progress without difficulties	idiom	
snaffle up	wec-phrasal	顺手捞走	take something greedily or quickly	phrasal	口,英
snap out of	wec-phrasal	迅速摆脱（坏情绪）	shake off a bad mood quickly	phrasal	口
snap to it!	wec-phrasal	利索点，马上干	get moving and do it right away	phrasal	口
sniff round	wec-phrasal	暗中四处打探	investigate something nosily	phrasal	口,英
snitch on	wec-phrasal	告发，打小报告	inform against someone	phrasal	俚
soar to new heights	baiango-idiom	再上新台阶	achieve a new level of success	collocation	
sort through	wec-phrasal	翻查理清	search through things systematically	phrasal	
sound the alarm	baiango-idiom	敲响警钟，发出警报	warning people of danger	collocation	
sound the horn	baiango-idiom	__LLM_PENDING__		idiom	
sounding the alarm	baiango-idiom	敲响警钟	publicly warning people of danger	collocation	
spaff away	wec-phrasal	胡乱挥霍	waste money or time recklessly	phrasal	粗
spark up	wec-phrasal	__LLM_PENDING__		phrasal	
speak out loud	baiango-idiom	__LLM_PENDING__		idiom	
speak up for	wec-phrasal	为…仗义执言	defend or support publicly	phrasal	
speak your mind	baiango-idiom	直言不讳	say what you really think	collocation	
spew up	wec-phrasal	__LLM_PENDING__		phrasal	
spike up	wec-phrasal	__LLM_PENDING__		phrasal	
spilling the beans	baiango-idiom	泄露秘密	revealing a secret unintentionally	idiom	口
spin round	wec-phrasal	__LLM_PENDING__		phrasal	
splash out on	wec-phrasal	大手笔购置	happily spend a lot on something	phrasal	口,英
spoil for	wec-phrasal	渴望干架，急欲生事	eager for a fight or trouble	phrasal	
spring for	wec-phrasal	掏钱请客	pay for something as a treat	phrasal	口,美
spring on	wec-phrasal	冷不防塞给某人	present something to as a surprise	phrasal	
square off against	wec-phrasal	摆开架势对阵	prepare to confront or fight	phrasal	
square up to	wec-phrasal	直面并承担	accept and deal with a problem	phrasal	
squeeze up	wec-phrasal	往里挤一挤	move closer to make room	phrasal	口
stab someone in the back	baiango-idiom	背后捅刀子	betray someone who trusts you	idiom	
staff up	wec-phrasal	招足人手	hire the staff needed	phrasal	财
stammer out	wec-phrasal	__LLM_PENDING__		phrasal	
stand around	wec-phrasal	闲着无所事事	wait about without doing anything	phrasal	
stand between	wec-phrasal	__LLM_PENDING__		phrasal	
stand out for	wec-phrasal	__LLM_PENDING__		phrasal	
stand your ground	baiango-idiom	坚守立场不后退	refuse to retreat or compromise	idiom	
star in the making	baiango-idiom	__LLM_PENDING__		idiom	
star-studded	baiango-idiom	__LLM_PENDING__		idiom	
stare out	wec-phrasal+moby-pos	__LLM_PENDING__		phrasal	
start anew	baiango-idiom	从头再来	begin completely again	collocation	
start of a new day	baiango-idiom	__LLM_PENDING__		idiom	
start off on	wec-phrasal	__LLM_PENDING__		phrasal	
start on at	wec-phrasal	__LLM_PENDING__		phrasal	
start out as	wec-phrasal	__LLM_PENDING__		phrasal	
start out to	wec-phrasal	__LLM_PENDING__		phrasal	
starve out	wec-phrasal	围困迫降	force surrender by cutting off food	phrasal	军
stay around	wec-phrasal	__LLM_PENDING__		phrasal	
stay back	wec-phrasal	留下不走	remain while others go	phrasal	
stay behind	wec-phrasal	人散后留下	remain after others have left	phrasal	
stay on the right track	baiango-idiom	__LLM_PENDING__		idiom	
stay on track	baiango-idiom	保持在正轨	continue progressing as planned	collocation	
stay out of	wec-phrasal	__LLM_PENDING__		phrasal	
steal out	wec-phrasal	__LLM_PENDING__		phrasal	
steal someone's thunder	baiango-idiom	抢风头抢先机	take the attention meant for another	idiom	
steal up	wec-phrasal	__LLM_PENDING__		phrasal	
steal up on	wec-phrasal	__LLM_PENDING__		phrasal	
steam off	wec-phrasal	__LLM_PENDING__		phrasal	
steam open	wec-phrasal	__LLM_PENDING__		phrasal	
steer clear""	baiango-idiom	敬而远之	keep well away from something	idiom	
step to	wec-phrasal	__LLM_PENDING__		phrasal	
stick it to	wec-phrasal	给…点颜色瞧瞧	defy or retaliate boldly against	idiom	口
stiffen up	wec-phrasal	__LLM_PENDING__		phrasal	
stir in	wec-phrasal	__LLM_PENDING__		phrasal	
stir into	wec-phrasal	__LLM_PENDING__		phrasal	
stir the pot	baiango-idiom	煽风点火惹事	deliberately create trouble	idiom	
stomp off	wec-phrasal	__LLM_PENDING__		phrasal	
stomp on	wec-phrasal	__LLM_PENDING__		phrasal	
stop around	wec-phrasal	__LLM_PENDING__		phrasal	
stop at the red light	baiango-idiom	__LLM_PENDING__		idiom	
stop away	wec-phrasal	__LLM_PENDING__		phrasal	
stop back	wec-phrasal	__LLM_PENDING__		phrasal	
stop behind	wec-phrasal	__LLM_PENDING__		phrasal	
stop on	wec-phrasal	__LLM_PENDING__		phrasal	
store away	wec-phrasal	__LLM_PENDING__		phrasal	
storm off	wec-phrasal	愤然离场	leave suddenly and angrily	phrasal	
straight as an arrow	baiango-idiom	笔直；烂醉	perfectly straight, or very drunk	idiom	
straight from the horse's mouth	baiango-idiom	第一手可靠消息	from the most authoritative source	idiom	口
stretch to	wec-phrasal	__LLM_PENDING__		phrasal	
stretcher off	wec-phrasal	__LLM_PENDING__		phrasal	
strike a harmonious chord	baiango-idiom	__LLM_PENDING__		idiom	
strike upon	wec-phrasal	__LLM_PENDING__		phrasal	
string together	wec-phrasal	__LLM_PENDING__		phrasal	
strip down to	wec-phrasal	__LLM_PENDING__		phrasal	
strip to	wec-phrasal	__LLM_PENDING__		phrasal	
style after	wec-phrasal	__LLM_PENDING__		phrasal	
suck into	wec-phrasal	__LLM_PENDING__		phrasal	
suit and tie	baiango-idiom	西装领带正装	formal business attire	collocation	
suit up	wec-phrasal	穿戴好装备正装	put on the clothes needed for a task	phrasal	美
sunny disposition	baiango-idiom	天性开朗阳光	naturally cheerful temperament	collocation	
sup up	wec-phrasal	__LLM_PENDING__		phrasal	
swan about	wec-phrasal	到处闲逛游荡	move about idly or grandly	phrasal	口,英
swan around	wec-phrasal	优哉游哉闲逛	move about in a lazy graceful way	phrasal	口,英
swan in	wec-phrasal	__LLM_PENDING__		phrasal	
swan off	wec-phrasal	__LLM_PENDING__		phrasal	
swear down	wec-phrasal	__LLM_PENDING__		phrasal	
sweep along	wec-phrasal	__LLM_PENDING__		phrasal	
sweep aside	wec-phrasal	漠视，扫清	push aside or ignore easily	phrasal	
sweep back	wec-phrasal	__LLM_PENDING__		phrasal	
sweeten up	wec-phrasal	__LLM_PENDING__		phrasal	
sweeter than honey	baiango-idiom	__LLM_PENDING__		idiom	
swim with the sharks	baiango-idiom	__LLM_PENDING__		idiom	
swing at	wec-phrasal	__LLM_PENDING__		phrasal	
swing round	wec-phrasal	__LLM_PENDING__		phrasal	
swing through	wec-phrasal	顺路经过	pass by briefly on the way	phrasal	美
syphon off	wec-phrasal	暗中转移资金	divert funds secretly	phrasal	财
tack onto	wec-phrasal	__LLM_PENDING__		phrasal	
tag onto	wec-phrasal	__LLM_PENDING__		phrasal	
tag with	wec-phrasal	__LLM_PENDING__		phrasal	
take a rain check	baiango-idiom	改天再约	politely postpone an invitation	idiom	口,美
take aside	wec-phrasal	__LLM_PENDING__		phrasal	
take away from	wec-phrasal	有损…的价值	reduce the value or effect of	phrasal	
take center stage	baiango-idiom	成为关注焦点	become the main focus of attention	collocation	美
take it out on	wec-phrasal	拿…撒气	vent anger on the wrong person	idiom	口
take it upon yourself	wec-phrasal	主动揽下责任	assume a duty without being asked	collocation	
take it with a grain of salt	baiango-idiom	半信半疑别当真	do not accept it as literally true	idiom	
take through	wec-phrasal	__LLM_PENDING__		phrasal	
take up on	wec-phrasal	接受某人提议	accept someone's offer	phrasal	
take upon	wec-phrasal	__LLM_PENDING__		phrasal	
take with a grain of salt	baiango-idiom	将信将疑地听	regard something skeptically	idiom	
taking a step back	baiango-idiom	退一步重新审视	stepping back to reassess things	collocation	
taking flight	baiango-idiom	起飞；渐入佳境	starting to fly or gain momentum	collocation	
taking with a grain of salt	baiango-idiom	存疑地看待	receiving something with skepticism	idiom	
talk around	wec-phrasal	__LLM_PENDING__		phrasal	
talk at	wec-phrasal+moby-pos	__LLM_PENDING__		phrasal	
talk down to	wec-phrasal	居高临下地讲	speak condescendingly to someone	phrasal	
talk through	wec-phrasal	一步步讲清楚	explain something step by step	phrasal	
talk yourself out	wec-phrasal	__LLM_PENDING__		phrasal	
tangle up	wec-phrasal	__LLM_PENDING__		phrasal	
tap for	wec-phrasal	__LLM_PENDING__		phrasal	
tap off with	wec-phrasal	与…熟络；谈得来	make good friendly contact with	phrasal	口,英
tap up	wec-phrasal	充分利用；套近乎	make use of; strike up a friendly contact	phrasal	口,英
tape up	wec-phrasal	用胶带封好	fasten or seal with adhesive tape	phrasal	
taste of your own medicine	baiango-idiom	自食苦果；以牙还牙	be treated as badly as you treat others	idiom	
tax with	wec-phrasal	指责；归咎于	accuse or blame someone with a fault	phrasal	正
tear out	wec-phrasal	撕掉；拽出	pull something out with force	phrasal	
tell against	wec-phrasal	对…不利	work to someone's disadvantage	phrasal	正
temperature rising""	baiango-idiom	__LLM_PENDING__		idiom	
test out	wec-phrasal	好好试验一番	test something out to check it works	phrasal	
testing the waters	baiango-idiom	投石问路；试探	try something out before committing	idiom	
text out	wec-phrasal	__LLM_PENDING__		phrasal	
that's the way the cookie crumbles	baiango-idiom	世事如此；就这样吧	that's simply how things turned out	idiom	
the apple doesn't fall far from the tree	baiango-idiom	有其父必有其子	children resemble their parents	idiom	
the apple of my eye""	baiango-idiom	掌上明珠	someone you cherish above all	idiom	
the ball is in your court	baiango-idiom	该你表态；由你定夺	it's your turn to make the decision	idiom	
the ball's in your court	baiango-idiom	主动权在你手里	the decision now rests with you	idiom	
the bee's knees""	baiango-idiom	顶呱呱；绝妙之物	something excellent (dated slang)	idiom	俚
the best of both worlds	baiango-idiom	两全其美	the advantages of both options	idiom	
the bigger picture	baiango-idiom	大局；全局	the wider overall perspective	idiom	
the bombshell	baiango-idiom	__LLM_PENDING__		idiom	
the bottom line	baiango-idiom	底线；归根结底	the decisive point; net profit	idiom	
the calm before the storm	baiango-idiom	暴风雨前的宁静	a quiet period before trouble	idiom	
the devil is in the details""	baiango-idiom	细节里藏着魔鬼	real difficulties lie in the details	idiom	
the devil's in the details	baiango-idiom	细节决定成败	the details are the hardest part	idiom	
the dog days of summer	baiango-idiom	三伏天；酷暑天	the hottest languid days of summer	idiom	
the elephant in the room	baiango-idiom	避而不谈的敏感难题	obvious problem nobody wants to mention	idiom	
the great outdoors	baiango-idiom	广袤大自然	wild natural areas away from towns	collocation	
the icing on the cake	baiango-idiom	锦上添花	an extra bonus atop something good	idiom	
the light at the end of the tunnel	baiango-idiom	隧道尽头的光；曙光	hope after a long difficult period	idiom	
the luck of the irish	baiango-idiom	爱尔兰式的走运	good luck credited to being Irish	idiom	
the pen is mightier than the sword	baiango-idiom	笔诛胜于剑伐	writing is stronger than violence	idiom	
the show must go on	baiango-idiom	戏必须唱下去	things must continue despite setbacks	idiom	
the sky's the limit	baiango-idiom	一切皆有可能	there are no limits to what you can do	idiom	
the tide is turning	baiango-idiom	形势正在逆转	the situation is changing in your favor	idiom	
the world is your oyster	baiango-idiom	世界任君遨游	every opportunity is open to you	idiom	
think ahead	wec-phrasal	未雨绸缪；提前打算	plan for the future in advance	collocation	
think outside the box	baiango-idiom	跳出思维定式	think creatively and unconventionally	idiom	
thread the needle	baiango-idiom	穿针引线；险中求成	navigate a dangerously narrow path	idiom	
throttle back	wec-phrasal	收油门减速	reduce speed or power	phrasal	
throttle up	wec-phrasal	加大油门加速	increase speed with the throttle	phrasal	
throw back on	wec-phrasal	__LLM_PENDING__		phrasal	
throw off at	wec-phrasal	__LLM_PENDING__		phrasal	
throw yourself at	wec-phrasal	投怀送抱；扑向	pursue someone very eagerly	phrasal	
throw yourself into	wec-phrasal	全身心投入	do something with full energy	phrasal	
thrust upon	wec-phrasal	强加于	imposed on someone by fate	phrasal	正
tick along	wec-phrasal	平稳推进；正常运转	proceed steadily without problems	phrasal	英
tick by	wec-phrasal	（时间）悄悄流逝	pass slowly, of time	phrasal	
tickle up	wec-phrasal	__LLM_PENDING__		phrasal	
tidy away	wec-phrasal	把…收好	put things back where they belong	phrasal	英
tidy out	wec-phrasal	清理（扔掉杂物）	clean a space by removing clutter	phrasal	英
tidy up after	wec-phrasal	给…收拾残局	clean up the mess someone else made	phrasal	
tie back	wec-phrasal	__LLM_PENDING__		phrasal	
tie in with	wec-phrasal	与…吻合；相配合	fit or agree well with something	phrasal	
tie up with	wec-phrasal	与…联手；与…有关联	join with; be connected to	phrasal	
time flies when having fun	baiango-idiom	__LLM_PENDING__		idiom	
time flies when you're having fun	baiango-idiom	欢乐时光过得快	enjoyable time seems to pass quickly	idiom	
time flying	baiango-idiom	__LLM_PENDING__		idiom	
time is of the essence	baiango-idiom	时间紧迫	time is critically important	idiom	正
tiptoe around	wec-phrasal	蹑脚回避；绕着走	walk quietly; avoid something delicately	phrasal	
to cost an arm and a leg	baiango-idiom	贵得离谱；花大钱	be extremely expensive	idiom	
to hear something straight from the horse's mouth	baiango-idiom	亲耳从源头获悉	hear it from the original source	idiom	
toddle off	wec-phrasal	溜达走开（诙谐）	go away (informal, humorous)	phrasal	诙,英
tone in	wec-phrasal	__LLM_PENDING__		phrasal	
tool of the trade	baiango-idiom	看家工具	equipment typical of a profession	collocation	
tootle off	wec-phrasal	开车悠然而去	drive away in a casual manner	phrasal	诙,英
top of the food chain	baiango-idiom	食物链顶端；掌权位	the highest position in a hierarchy	collocation	
top of the podium""	baiango-idiom	__LLM_PENDING__		idiom	
toss around	wec-phrasal	随便商讨（想法）	discuss ideas informally	phrasal	美
toss aside	wec-phrasal	抛弃；丢掉	throw away; reject	phrasal	
toss down	wec-phrasal	__LLM_PENDING__		phrasal	
touch for	wec-phrasal	向…借钱	borrow money from someone	phrasal	俚,英
tow away	wec-phrasal	拖走（车辆）	haul away a vehicle by tow truck	phrasal	
toy at	wec-phrasal	__LLM_PENDING__		phrasal	
toy over	wec-phrasal	__LLM_PENDING__		phrasal	
trickle up	wec-phrasal	__LLM_PENDING__		phrasal	
troll for	wec-phrasal	钓取（注意）	fish for compliments or reactions	phrasal	口
trot off	wec-phrasal	走开	go away; leave briskly	phrasal	口,英
trot off to	wec-phrasal	__LLM_PENDING__		phrasal	
trudge through	wec-phrasal	__LLM_PENDING__		phrasal	
trundle out	wec-phrasal	推出；搬出老一套	bring out something old or familiar	phrasal	英
truss up	wec-phrasal	捆紧；绑牢	tie someone or something up tightly	phrasal	
tuck into	wec-phrasal	大口吃起来	eat something eagerly	phrasal	口,英
tune in to	wec-phrasal	收听；开始关注	pay attention to something	phrasal	
turn back the clock""	baiango-idiom	时光倒流；重回过去	return to an earlier situation	idiom	
turn in on	wec-phrasal	使自我封闭	make withdrawn and self-absorbed	phrasal	
turn the page	baiango-idiom	翻篇；开启新篇	move on from the past	idiom	
turning over a new leaf	baiango-idiom	洗心革面	starting to behave better	idiom	
turning the page	baiango-idiom	走出过去	leaving the past behind	idiom	
twist of fate	baiango-idiom	命运的捉弄	an unexpected change of fortune	collocation	
twist someone's arm	baiango-idiom	软磨硬泡	strongly persuade or pressure someone	idiom	诙
type into	wec-phrasal	__LLM_PENDING__		phrasal	
type up	wec-phrasal	打字誉清	make a clean typed copy of	phrasal	
uncharted territory	baiango-idiom	未知领域	an unfamiliar situation	collocation	
under the rising sun	baiango-idiom	__LLM_PENDING__		idiom	
under the same moon	baiango-idiom	__LLM_PENDING__		idiom	
under the same stars	baiango-idiom	__LLM_PENDING__		idiom	
up in the clouds	baiango-idiom	__LLM_PENDING__		idiom	
urge upon	wec-phrasal	极力规劝	press advice or duty on someone	phrasal	正
use your head	baiango-idiom	动动脑子	think sensibly and practically	idiom	
venture forth	wec-phrasal	勇敢前行	go out boldly into the unknown	collocation	
visit on	wec-phrasal	降（灾祸）于	inflict something on someone	phrasal	正
volcano about to erupt	baiango-idiom	__LLM_PENDING__		idiom	
vote off	wec-phrasal	__LLM_PENDING__		phrasal	
wait up!	wec-phrasal	等等我；慢着	stop and wait for me!	phrasal	口,美
wake up to	wec-phrasal	认识到；醒悟到	become aware of a problem	phrasal	
walk back from	wec-phrasal	__LLM_PENDING__		phrasal	
walk in on	wec-phrasal	撞见（尴尬场面）	enter unexpectedly and discover	phrasal	
walk in someone else's shoes	baiango-idiom	设身处地	imagine another person's experience	idiom	
waltz off with	wec-phrasal	轻松夺走	take something away effortlessly	phrasal	
wander off	wec-phrasal	信步走神离开	go away casually or absent-mindedly	phrasal	
warm through	wec-phrasal	把…加热透	heat something thoroughly	phrasal	
warn away	wec-phrasal	__LLM_PENDING__		phrasal	
wash your hands of something	baiango-idiom	对…洗手不干	refuse further involvement with	idiom	
wave down	wec-phrasal+moby-pos	挥手拦停	signal a vehicle or person to stop	phrasal	
wave on	wec-phrasal	挥手示意继续前进	signal someone to keep moving	phrasal	英
wave through	wec-phrasal	挥手放行	allow to pass with a wave	phrasal	
waving a magic wand	baiango-idiom	__LLM_PENDING__		idiom	
wean off	wec-phrasal	使逐渐戒除	gradually end dependence on	phrasal	
wean on	wec-phrasal	__LLM_PENDING__		phrasal	
wear in	wec-phrasal	把…磨合穿软	make comfortable by wearing	phrasal	英
wear your heart on your sleeve	baiango-idiom	感情外露	show your feelings openly	idiom	
weasel out of	wec-phrasal	耍滑推脱	evade a duty through cunning	phrasal	口
weathering the storm	baiango-idiom	渡过难关	coming through a crisis	idiom	
weigh down on	wec-phrasal	压在心头；拖累	be an emotional burden on	phrasal	
weigh in on	wec-phrasal	发表看法；介入评论	give an opinion in a debate	phrasal	
weigh into	wec-phrasal	__LLM_PENDING__		phrasal	
wheel out	wec-phrasal	搬出老一套	bring out familiar excuses or props	phrasal	英
wheel round	wec-phrasal	猛地转身	turn around very quickly	phrasal	英
when it rains, it pours	baiango-idiom	祸不单行	bad things tend to come together	idiom	
when life gives you lemons	baiango-idiom	随遇而安	make the best of a bad situation	idiom	
whip into	wec-phrasal	__LLM_PENDING__		phrasal	
whip out of	wec-phrasal	溜之大吉	leave somewhere very quickly	phrasal	口,英
whistle at	wec-phrasal	__LLM_PENDING__		phrasal	
whizz through	wec-phrasal	快速搞定	do something very quickly	phrasal	口,英
whole world to explore	baiango-idiom	__LLM_PENDING__		idiom	
wiggle out	wec-phrasal	__LLM_PENDING__		phrasal	
wiggle out of	wec-phrasal	耍滑逃避	escape a duty with excuses	phrasal	
win at all costs	baiango-idiom	__LLM_PENDING__		idiom	
win hands down""	baiango-idiom	轻松取胜	win very easily	idiom	
win round	wec-phrasal	说服；争取过来	change someone's mind in your favor	phrasal	英
win-win situation	baiango-idiom	双赢局面	a result good for everyone	collocation	
wind on	wec-phrasal	__LLM_PENDING__		phrasal	
winner takes all	baiango-idiom	赢家通吃	only the winner gains anything	idiom	财
winnow down	wec-phrasal	层层筛选	reduce by careful selection	phrasal	
wish upon a star""	baiango-idiom	对星许愿；寄望渺茫	hope for unlikely dreams	idiom	
wizardry at work""	baiango-idiom	__LLM_PENDING__		idiom	
word up	wec-phrasal	说得对；没毛病	slang: I agree; for real	slang	俚,美
word up!	wec-phrasal	没毛病；成交	slang: expression of agreement	slang	俚,美
work around	wec-phrasal	变通解决；绕开	find a way around a problem	phrasal	
work around to	wec-phrasal	迂回谈到	approach a topic indirectly	phrasal	
worry at	wec-phrasal	反复琢磨；咬住不放	gnaw at or dwell on persistently	phrasal	
wounded pride""	baiango-idiom	自尊心受挫	damaged self-esteem	collocation	
wrap round	wec-phrasal	__LLM_PENDING__		phrasal	
wrap your head around something	baiango-idiom	想通；弄明白	manage to understand something complex	idiom	
wrestle with	wec-phrasal	苦苦应对；苦思	struggle with a difficult issue	phrasal	
wriggle out of	wec-phrasal	推诿逃避	avoid a duty using excuses	phrasal	
write into	wec-phrasal	__LLM_PENDING__		phrasal	
yack on	wec-phrasal	喋喋不休	talk for far too long	phrasal	俚,美
yammer on	wec-phrasal	唠叨不休	complain or talk persistently	phrasal	俚,美
you can't have your cake	baiango-idiom	鱼与熊掌不可兼得	cannot keep and also consume something	idiom	
you can't judge a book by its cover	baiango-idiom	人不可貌相	appearances can be misleading	idiom	
your guess is as good as mine	baiango-idiom	我也毫无头绪	neither of us knows the answer	idiom	
zero out	wec-phrasal	清零	reduce to zero; clear completely	phrasal	
zip around	wec-phrasal	__LLM_PENDING__		phrasal	
zip it	wec-phrasal	闭嘴	rude way to say be quiet	slang	俚,英
zip through	wec-phrasal	__LLM_PENDING__		phrasal	
zip your lip	baiango-idiom	闭嘴；守口如瓶	keep quiet; keep a secret	slang	俚
zone in	wec-phrasal	集中精神	focus your attention completely	phrasal	
zone in on	wec-phrasal	专注于；锁定	concentrate closely on something	phrasal	
zoom in on	wec-phrasal	聚焦；放大特写	come closer to focus on detail	phrasal	
zoom off	wec-phrasal	飞驰而去	leave somewhere very fast	phrasal	
